dominio,categoria_provisional,certeza,criterio,authority_score_exportado,urls_ejemplo,fuente,accion
metamagic.top,institución,sin clasificar; requiere revisión,No se deduce la naturaleza ni calidad solo del dominio.,14,https://metamagic.top/stats/54031; https://metamagic.top/stats/54030; https://metamagic.top/stats/90295; https://metamagic.top/stats/90294; https://metamagic.top/stats/4632,08-backlink-gap/backlink-gap-integrales-page1-20260903.json; 08-backlink-gap/gap-especialistas-page1-20260903.json,revisión humana; sin outreach
shortenurls.eu,institución,sin clasificar; requiere revisión,No se deduce la naturaleza ni calidad solo del dominio.,14,https://shortenurls.eu/share/54031; https://shortenurls.eu/share/54030; https://shortenurls.eu/share/90294; https://shortenurls.eu/share/4632,08-backlink-gap/backlink-gap-integrales-page1-20260903.json; 08-backlink-gap/gap-especialistas-page1-20260903.json,revisión humana; sin outreach
ecored.org,directorio legítimo,candidato sin legitimar,La etiqueta es un casillero de revisión; comprobar identidad editorial y descartar enlaces automatizados.,12,http://ecored.org/proveedor/GAC---Gestion-Ambiental-Consultores/1541,08-backlink-gap/backlink-gap-integrales-page1-20260903.json,revisión humana; sin outreach
southfwb.com,basura/PBN,señal explícita en exportación; validar página,Anclas comerciales de enlaces o PBN: excluir de oportunidades; no implica contratación por competidores.,12,https://www.southfwb.com/all/431/24.html; https://southfwb.com/all/431/24.html; https://southfwb.com/all/1147/8.html; https://southfwb.com/all/1166/21.html,08-backlink-gap/backlink-gap-integrales-page1-20260903.json; 08-backlink-gap/gap-especialistas-page1-20260903.json,excluir de prospección
analyticshaven.top,institución,sin clasificar; requiere revisión,No se deduce la naturaleza ni calidad solo del dominio.,6,https://analyticshaven.top/stats/5973; https://analyticshaven.top/stats/5972; https://analyticshaven.top/stats/54030; https://analyticshaven.top/stats/90295; https://analyticshaven.top/stats/90294,08-backlink-gap/backlink-gap-integrales-page1-20260903.json; 08-backlink-gap/gap-especialistas-page1-20260903.json,revisión humana; sin outreach
backlinks-checker.com,institución,sin clasificar; requiere revisión,No se deduce la naturaleza ni calidad solo del dominio.,6,https://backlinks-checker.com/share/54031; https://backlinks-checker.com/share/4632; https://backlinks-checker.com/share/4631; https://backlinks-checker.com/share/4250; https://backlinks-checker.com/share/4249,08-backlink-gap/backlink-gap-integrales-page1-20260903.json; 08-backlink-gap/gap-especialistas-page1-20260903.json,revisión humana; sin outreach
blogsphere.top,institución,sin clasificar; requiere revisión,No se deduce la naturaleza ni calidad solo del dominio.,6,https://blogsphere.top/stats/5973; https://blogsphere.top/stats/54031; https://blogsphere.top/stats/54030; https://blogsphere.top/stats/90294; https://blogsphere.top/stats/4632,08-backlink-gap/backlink-gap-integrales-page1-20260903.json; 08-backlink-gap/gap-especialistas-page1-20260903.json,revisión humana; sin outreach
byteshort.xyz,institución,sin clasificar; requiere revisión,No se deduce la naturaleza ni calidad solo del dominio.,6,https://byteshort.xyz/report/5973; https://byteshort.xyz/report/54031; https://byteshort.xyz/report/54030; https://byteshort.xyz/report/4632; https://byteshort.xyz/report/4631,08-backlink-gap/backlink-gap-integrales-page1-20260903.json; 08-backlink-gap/gap-especialistas-page1-20260903.json,revisión humana; sin outreach
creativeposts.top,institución,sin clasificar; requiere revisión,No se deduce la naturaleza ni calidad solo del dominio.,6,https://creativeposts.top/stats/54031; https://creativeposts.top/stats/90295; https://creativeposts.top/stats/4632; https://creativeposts.top/stats/4631; https://creativeposts.top/stats/4250,08-backlink-gap/backlink-gap-integrales-page1-20260903.json; 08-backlink-gap/gap-especialistas-page1-20260903.json,revisión humana; sin outreach
drjack.world,institución,sin clasificar; requiere revisión,No se deduce la naturaleza ni calidad solo del dominio.,6,https://drjack.world/report/5973; https://drjack.world/report/5972; https://drjack.world/report/54031; https://drjack.world/report/54030; https://drjack.world/report/90295,08-backlink-gap/backlink-gap-integrales-page1-20260903.json; 08-backlink-gap/gap-especialistas-page1-20260903.json,revisión humana; sin outreach
quero.party,institución,sin clasificar; requiere revisión,No se deduce la naturaleza ni calidad solo del dominio.,6,https://quero.party/report/54030; https://quero.party/report/90295; https://quero.party/report/90294; https://quero.party/report/4631,08-backlink-gap/backlink-gap-integrales-page1-20260903.json; 08-backlink-gap/gap-especialistas-page1-20260903.json,revisión humana; sin outreach
screenshots.wiki,institución,sin clasificar; requiere revisión,No se deduce la naturaleza ni calidad solo del dominio.,6,https://screenshots.wiki/report/5973; https://screenshots.wiki/report/54031; https://screenshots.wiki/report/90294,08-backlink-gap/backlink-gap-integrales-page1-20260903.json; 08-backlink-gap/gap-especialistas-page1-20260903.json,revisión humana; sin outreach
anchorurl.cloud,institución,sin clasificar; requiere revisión,No se deduce la naturaleza ni calidad solo del dominio.,5,https://anchorurl.cloud/share/5973; https://anchorurl.cloud/share/54030; https://anchorurl.cloud/share/54031; https://anchorurl.cloud/share/90295; https://anchorurl.cloud/share/90294,08-backlink-gap/backlink-gap-integrales-page1-20260903.json; 08-backlink-gap/gap-especialistas-page1-20260903.json,revisión humana; sin outreach
atomizelink.icu,institución,sin clasificar; requiere revisión,No se deduce la naturaleza ni calidad solo del dominio.,5,https://atomizelink.icu/report/5973; https://atomizelink.icu/report/5972; https://atomizelink.icu/report/54031; https://atomizelink.icu/report/54030; https://atomizelink.icu/report/90295,08-backlink-gap/backlink-gap-integrales-page1-20260903.json; 08-backlink-gap/gap-especialistas-page1-20260903.json,revisión humana; sin outreach
urls-shortener.eu,institución,sin clasificar; requiere revisión,No se deduce la naturaleza ni calidad solo del dominio.,5,https://urls-shortener.eu/share/54031; https://urls-shortener.eu/share/90295,08-backlink-gap/backlink-gap-integrales-page1-20260903.json; 08-backlink-gap/gap-especialistas-page1-20260903.json,revisión humana; sin outreach
blinks.sbs,institución,sin clasificar; requiere revisión,No se deduce la naturaleza ni calidad solo del dominio.,4,https://blinks.sbs/domain/domain/part/34248; http://blinks.sbs/domain/domain/part/34248/; http://blinks.sbs/domain/domain/part/34248; http://blinks.sbs/domain/domain/part/92951; https://blinks.sbs/domain/domain/part/92951,08-backlink-gap/backlink-gap-integrales-page1-20260903.json; 08-backlink-gap/gap-especialistas-page1-20260903.json,revisión humana; sin outreach
domains.com.bz,institución,sin clasificar; requiere revisión,No se deduce la naturaleza ni calidad solo del dominio.,4,https://www.domains.com.bz/page/34248/; https://www.domains.com.bz/page/92951/,08-backlink-gap/backlink-gap-integrales-page1-20260903.json; 08-backlink-gap/gap-especialistas-page2-20260903.json,revisión humana; sin outreach
knows.monster,institución,sin clasificar; requiere revisión,No se deduce la naturaleza ni calidad solo del dominio.,4,https://knows.monster/domain/domain/part/34248; https://www.knows.monster/domain/domain/part/34248; http://knows.monster/domain/domain/part/92951/lan/ar; http://www.knows.monster/domain/domain/part/92951,08-backlink-gap/backlink-gap-integrales-page1-20260903.json; 08-backlink-gap/gap-especialistas-page2-20260903.json,revisión humana; sin outreach
seodomains.website,institución,sin clasificar; requiere revisión,No se deduce la naturaleza ni calidad solo del dominio.,3,http://www.seodomains.website/domain/domain/part/34248; http://seodomains.website/domain/domain/part/34248; https://seodomains.website/domain/domain/part/92951,08-backlink-gap/backlink-gap-integrales-page1-20260903.json; 08-backlink-gap/gap-especialistas-page1-20260903.json,revisión humana; sin outreach
wants.cfd,institución,sin clasificar; requiere revisión,No se deduce la naturaleza ni calidad solo del dominio.,3,http://wants.cfd/domain/domain/part/34248; https://wants.cfd/domain/domain/part/34248/mustdafa24.wordpress.com; https://wants.cfd/domain/domain/part/34248/gooddafa24.wordpress.com; https://wants.cfd/domain/domain/part/34248/; https://wants.cfd/domain/domain/part/34248,08-backlink-gap/backlink-gap-integrales-page1-20260903.json; 08-backlink-gap/gap-especialistas-page1-20260903.json,revisión humana; sin outreach
bestnz-poker-casinoslot.com,basura/PBN,señal explícita en exportación; validar página,Anclas comerciales de enlaces o PBN: excluir de oportunidades; no implica contratación por competidores.,2,https://bestnz-poker-casinoslot.com/all/431/24.html; https://bestnz-poker-casinoslot.com/all/1147/8.html; https://bestnz-poker-casinoslot.com/all/1166/21.html,08-backlink-gap/backlink-gap-integrales-page1-20260903.json; 08-backlink-gap/gap-especialistas-page1-20260903.json,excluir de prospección
betwinnermirror.com,basura/PBN,señal explícita en exportación; validar página,Anclas comerciales de enlaces o PBN: excluir de oportunidades; no implica contratación por competidores.,2,https://betwinnermirror.com/all/431/24.html; https://betwinnermirror.com/all/1147/8.html; https://betwinnermirror.com/all/1166/21.html; https://betwinnermirror.com/all/1724/21.html,08-backlink-gap/backlink-gap-integrales-page1-20260903.json; 08-backlink-gap/gap-especialistas-page1-20260903.json,excluir de prospección
blinks.monster,institución,sin clasificar; requiere revisión,No se deduce la naturaleza ni calidad solo del dominio.,2,https://www.blinks.monster/domain/domain/part/34248; https://blinks.monster/domain/domain/part/92951,08-backlink-gap/backlink-gap-integrales-page1-20260903.json; 08-backlink-gap/gap-especialistas-page1-20260903.json,revisión humana; sin outreach
blissq.pages.dev,institución,sin clasificar; requiere revisión,No se deduce la naturaleza ni calidad solo del dominio.,2,https://blissq.pages.dev/00/bNpUxXHVcM,08-backlink-gap/backlink-gap-integrales-page1-20260903.json,revisión humana; sin outreach
blogerreviewers.com,basura/PBN,señal explícita en exportación; validar página,Anclas comerciales de enlaces o PBN: excluir de oportunidades; no implica contratación por competidores.,2,https://blogerreviewers.com/all/431/24.html; https://blogerreviewers.com/all/1147/8.html; https://blogerreviewers.com/all/1166/21.html; https://blogerreviewers.com/all/1724/21.html; https://blogerreviewers.com/all/2051/19.html,08-backlink-gap/backlink-gap-integrales-page1-20260903.json; 08-backlink-gap/gap-especialistas-page1-20260903.json,excluir de prospección
clifflisting.com,basura/PBN,señal explícita en exportación; validar página,Anclas comerciales de enlaces o PBN: excluir de oportunidades; no implica contratación por competidores.,2,https://clifflisting.com/all/1147/8.html; https://clifflisting.com/all/1724/21.html; https://clifflisting.com/all/2051/19.html,08-backlink-gap/backlink-gap-integrales-page1-20260903.json; 08-backlink-gap/gap-especialistas-page1-20260903.json,excluir de prospección
cmocheatsheets.com,basura/PBN,señal explícita en exportación; validar página,Anclas comerciales de enlaces o PBN: excluir de oportunidades; no implica contratación por competidores.,2,https://cmocheatsheets.com/all/1147/8.html,08-backlink-gap/backlink-gap-integrales-page1-20260903.json,excluir de prospección
coruzants.com,basura/PBN,señal explícita en exportación; validar página,Anclas comerciales de enlaces o PBN: excluir de oportunidades; no implica contratación por competidores.,2,https://coruzants.com/all/1147/8.html,08-backlink-gap/backlink-gap-integrales-page1-20260903.json,excluir de prospección
knows.sbs,institución,sin clasificar; requiere revisión,No se deduce la naturaleza ni calidad solo del dominio.,2,http://knows.sbs/domain/domain/part/34248; http://www.knows.sbs/domain/domain/part/34248; http://knows.sbs/domain/domain/part/34248/; https://knows.sbs/domain/domain/part/34248/quote.aspx?o=abs&stockid=13675%2C38407; https://knows.sbs/domain/domain/part/34248/mustdafa24.wordpress.com,08-backlink-gap/backlink-gap-integrales-page1-20260903.json; 08-backlink-gap/gap-especialistas-page2-20260903.json,revisión humana; sin outreach
newsblogsports.site,institución,sin clasificar; requiere revisión,No se deduce la naturaleza ni calidad solo del dominio.,2,https://newsblogsports.site/all/197/25,08-backlink-gap/backlink-gap-integrales-page1-20260903.json,revisión humana; sin outreach
royaldb.us.com,basura/PBN,señal explícita en exportación; validar página,Anclas comerciales de enlaces o PBN: excluir de oportunidades; no implica contratación por competidores.,2,https://royaldb.us.com/all/431/24.html; https://royaldb.us.com/all/1147/9.html; https://royaldb.us.com/all/1166/21.html,08-backlink-gap/backlink-gap-integrales-page1-20260903.json; 08-backlink-gap/gap-especialistas-page1-20260903.json,excluir de prospección
seol.store,institución,sin clasificar; requiere revisión,No se deduce la naturaleza ni calidad solo del dominio.,2,http://www.seol.store/domain/domain/part/34248; http://seol.store/domain/domain/part/34248; https://seol.store/domain/domain/part/34248; http://seol.store/domain/domain/part/92951; https://seol.store/domain/domain/part/92951/,08-backlink-gap/backlink-gap-integrales-page1-20260903.json; 08-backlink-gap/gap-especialistas-page2-20260903.json,revisión humana; sin outreach
takes.homes,institución,sin clasificar; requiere revisión,No se deduce la naturaleza ni calidad solo del dominio.,2,http://takes.homes/domain/domain/part/34248; https://takes.homes/domain/domain/part/34248; https://takes.homes/domain/domain/part/92951,08-backlink-gap/backlink-gap-integrales-page1-20260903.json; 08-backlink-gap/gap-especialistas-page2-20260903.json,revisión humana; sin outreach
takes.sbs,institución,sin clasificar; requiere revisión,No se deduce la naturaleza ni calidad solo del dominio.,2,http://takes.sbs/domain/domain/part/34248; https://takes.sbs/domain/domain/part/34248/mustdafa24.wordpress.com; https://takes.sbs/domain/domain/part/34248/gooddafa24.wordpress.com; https://takes.sbs/domain/domain/part/34248/; https://takes.sbs/domain/domain/part/34248,08-backlink-gap/backlink-gap-integrales-page1-20260903.json; 08-backlink-gap/gap-especialistas-page2-20260903.json,revisión humana; sin outreach
2gis.cl,directorio legítimo,candidato sin legitimar,La etiqueta es un casillero de revisión; comprobar identidad editorial y descartar enlaces automatizados.,46,https://2gis.cl/santiago/firm/14215014604869191,08-backlink-gap/backlink-gap-integrales-page1-20260903.json,revisión humana; sin outreach
sitelike.org,directorio legítimo,candidato sin legitimar,La etiqueta es un casillero de revisión; comprobar identidad editorial y descartar enlaces automatizados.,45,https://www.sitelike.org/similar/gac.cl/; https://www.sitelike.org/similar/better.cl/; https://www.sitelike.org/similar/poch.com/,08-backlink-gap/backlink-gap-integrales-page1-20260903.json,revisión humana; sin outreach
siteprice.org,institución,sin clasificar; requiere revisión,No se deduce la naturaleza ni calidad solo del dominio.,38,https://www.siteprice.org/competitors/gac.cl,08-backlink-gap/backlink-gap-integrales-page1-20260903.json,revisión humana; sin outreach
todosnegocios.com,institución,sin clasificar; requiere revisión,No se deduce la naturaleza ni calidad solo del dominio.,38,,08-backlink-gap/backlink-gap-integrales-page1-20260903.json,revisión humana; sin outreach
ecohubmap.com,institución,sin clasificar; requiere revisión,No se deduce la naturaleza ni calidad solo del dominio.,34,,08-backlink-gap/backlink-gap-integrales-page1-20260903.json,revisión humana; sin outreach
archivo.biz,institución,sin clasificar; requiere revisión,No se deduce la naturaleza ni calidad solo del dominio.,26,,08-backlink-gap/backlink-gap-integrales-page1-20260903.json,revisión humana; sin outreach
direcmin.com,institución,sin clasificar; requiere revisión,No se deduce la naturaleza ni calidad solo del dominio.,26,https://www.direcmin.com/gesti-n-ambiental-consultores-s-a/productos-o-servicios; https://www.direcmin.com/gesti-n-ambiental-consultores-s-a/informacion-de-contacto; https://www.direcmin.com/gesti-n-ambiental-consultores-s-a/ejecutivos; https://www.direcmin.com/gesti-n-ambiental-consultores-s-a/certificacion,08-backlink-gap/backlink-gap-integrales-page1-20260903.json,revisión humana; sin outreach
tntcode.com,institución,sin clasificar; requiere revisión,No se deduce la naturaleza ni calidad solo del dominio.,26,,08-backlink-gap/backlink-gap-integrales-page1-20260903.json,revisión humana; sin outreach
bye.fyi,institución,sin clasificar; requiere revisión,No se deduce la naturaleza ni calidad solo del dominio.,24,https://bye.fyi/report/5973; https://bye.fyi/report/5972; https://bye.fyi/report/54030; https://bye.fyi/report/90295; https://bye.fyi/report/90294,08-backlink-gap/backlink-gap-integrales-page1-20260903.json; 08-backlink-gap/gap-especialistas-page1-20260903.json,revisión humana; sin outreach
eco-web.com,institución,sin clasificar; requiere revisión,No se deduce la naturaleza ni calidad solo del dominio.,23,https://www.eco-web.com/reg/06907.html,08-backlink-gap/backlink-gap-integrales-page1-20260903.json,revisión humana; sin outreach
daemvillarrica.cl,institución,sin clasificar; requiere revisión,No se deduce la naturaleza ni calidad solo del dominio.,21,,08-backlink-gap/backlink-gap-integrales-page1-20260903.json,revisión humana; sin outreach
enobra.cl,institución,sin clasificar; requiere revisión,No se deduce la naturaleza ni calidad solo del dominio.,9,https://www.enobra.cl/resultados2.php?id=458&tipo=link; https://www.enobra.cl/resultados2.php?id=2122&tipo=link; https://www.enobra.cl/resultados2.php?id=2032&tipo=link; https://www.enobra.cl/asesoria-ambiental/; http://www.enobra.cl/resultados2.php?id=2122&tipo=link,08-backlink-gap/backlink-gap-integrales-page1-20260903.json,revisión humana; sin outreach
dailymusings.top,institución,sin clasificar; requiere revisión,No se deduce la naturaleza ni calidad solo del dominio.,6,https://dailymusings.top/stats/5973; https://dailymusings.top/stats/90295; https://dailymusings.top/stats/90294; https://dailymusings.top/stats/4631; https://dailymusings.top/stats/4250,08-backlink-gap/backlink-gap-integrales-page1-20260903.json; 08-backlink-gap/gap-especialistas-page1-20260903.json,revisión humana; sin outreach
optimizeflow.top,institución,sin clasificar; requiere revisión,No se deduce la naturaleza ni calidad solo del dominio.,6,https://optimizeflow.top/stats/5973; https://optimizeflow.top/stats/54031; https://optimizeflow.top/stats/90295; https://optimizeflow.top/stats/4632; https://optimizeflow.top/stats/4631,08-backlink-gap/backlink-gap-integrales-page1-20260903.json; 08-backlink-gap/gap-especialistas-page1-20260903.json,revisión humana; sin outreach
firstguestpost.com,basura/PBN,señal explícita en exportación; validar página,Anclas comerciales de enlaces o PBN: excluir de oportunidades; no implica contratación por competidores.,5,http://firstguestpost.com/all/431/24.html; https://firstguestpost.com/all/431/24.html; https://firstguestpost.com/all/2051/19.html,08-backlink-gap/backlink-gap-integrales-page1-20260903.json; 08-backlink-gap/gap-especialistas-page1-20260903.json,excluir de prospección
m98ufa.com,basura/PBN,señal explícita en exportación; validar página,Anclas comerciales de enlaces o PBN: excluir de oportunidades; no implica contratación por competidores.,5,https://m98ufa.com/all/27/31.html; https://m98ufa.com/all/47/10.html; https://m98ufa.com/all/605/17.html; https://m98ufa.com/all/932/10.html,08-backlink-gap/backlink-gap-integrales-page1-20260903.json; 08-backlink-gap/gap-especialistas-page1-20260903.json,excluir de prospección
mediaboooster.com,basura/PBN,señal explícita en exportación; validar página,Anclas comerciales de enlaces o PBN: excluir de oportunidades; no implica contratación por competidores.,5,https://mediaboooster.com/all/431/24.html; https://mediaboooster.com/all/1147/8.html; https://mediaboooster.com/all/1724/21.html,08-backlink-gap/backlink-gap-integrales-page1-20260903.json; 08-backlink-gap/gap-especialistas-page1-20260903.json,excluir de prospección
websitescrawl.com,institución,sin clasificar; requiere revisión,No se deduce la naturaleza ni calidad solo del dominio.,5,,08-backlink-gap/backlink-gap-integrales-page1-20260903.json,revisión humana; sin outreach
archive-hu.com,basura/PBN,señal explícita en exportación; validar página,Anclas comerciales de enlaces o PBN: excluir de oportunidades; no implica contratación por competidores.,4,https://archive-hu.com/all/431/24.html; https://www.archive-hu.com/all/431/24.html; https://archive-hu.com/all/1147/8.html; https://archive-hu.com/all/1724/21.html; https://archive-hu.com/all/2051/19.html,08-backlink-gap/backlink-gap-integrales-page1-20260903.json; 08-backlink-gap/gap-especialistas-page1-20260903.json,excluir de prospección
betulcrime.com,basura/PBN,señal explícita en exportación; validar página,Anclas comerciales de enlaces o PBN: excluir de oportunidades; no implica contratación por competidores.,4,https://betulcrime.com/all/431/24.html; https://betulcrime.com/all/1147/8.html,08-backlink-gap/backlink-gap-integrales-page1-20260903.json; 08-backlink-gap/gap-especialistas-page1-20260903.json,excluir de prospección
global-rank.pages.dev,institución,sin clasificar; requiere revisión,No se deduce la naturaleza ni calidad solo del dominio.,4,https://global-rank.pages.dev/25/FZfRoReZLj,08-backlink-gap/backlink-gap-integrales-page1-20260903.json; 08-backlink-gap/gap-especialistas-page1-20260903.json,revisión humana; sin outreach
businessvocal.com,institución,sin clasificar; requiere revisión,No se deduce la naturaleza ni calidad solo del dominio.,3,,08-backlink-gap/backlink-gap-integrales-page1-20260903.json,revisión humana; sin outreach
distrilist.eu,institución,sin clasificar; requiere revisión,No se deduce la naturaleza ni calidad solo del dominio.,2,https://www.distrilist.eu/environmental-companies-in-chile/,08-backlink-gap/backlink-gap-integrales-page1-20260903.json,revisión humana; sin outreach
dupurgeniefr.com,basura/PBN,señal explícita en exportación; validar página,Anclas comerciales de enlaces o PBN: excluir de oportunidades; no implica contratación por competidores.,2,https://dupurgeniefr.com/all/1724/21.html; https://dupurgeniefr.com/all/2051/19.html,08-backlink-gap/backlink-gap-integrales-page1-20260903.json; 08-backlink-gap/gap-especialistas-page1-20260903.json,excluir de prospección
ggmap.co.com,basura/PBN,señal explícita en exportación; validar página,Anclas comerciales de enlaces o PBN: excluir de oportunidades; no implica contratación por competidores.,2,https://ggmap.co.com/all/431/24.html; https://ggmap.co.com/all/1147/8.html; https://ggmap.co.com/all/1166/21.html; https://ggmap.co.com/all/1724/22.html,08-backlink-gap/backlink-gap-integrales-page1-20260903.json; 08-backlink-gap/gap-especialistas-page1-20260903.json,excluir de prospección
ggmap.us.com,basura/PBN,señal explícita en exportación; validar página,Anclas comerciales de enlaces o PBN: excluir de oportunidades; no implica contratación por competidores.,2,https://ggmap.us.com/all/431/24.html; https://ggmap.us.com/all/1147/8.html; https://ggmap.us.com/all/1166/21.html,08-backlink-gap/backlink-gap-integrales-page1-20260903.json; 08-backlink-gap/gap-especialistas-page1-20260903.json,excluir de prospección
gladeflowers.com,basura/PBN,señal explícita en exportación; validar página,Anclas comerciales de enlaces o PBN: excluir de oportunidades; no implica contratación por competidores.,2,http://gladeflowers.com/all/431/24.html; https://gladeflowers.com/all/431/24.html; https://gladeflowers.com/all/1166/21.html,08-backlink-gap/backlink-gap-integrales-page1-20260903.json; 08-backlink-gap/gap-especialistas-page1-20260903.json,excluir de prospección
lawyerinjeddah.com,basura/PBN,señal explícita en exportación; validar página,Anclas comerciales de enlaces o PBN: excluir de oportunidades; no implica contratación por competidores.,2,http://lawyerinjeddah.com/all/27/31.html; http://www.lawyerinjeddah.com/all/27/31.html; https://lawyerinjeddah.com/all/27/31.html; https://lawyerinjeddah.com/all/47/10.html; http://www.lawyerinjeddah.com/all/47/10.html,08-backlink-gap/backlink-gap-integrales-page1-20260903.json; 08-backlink-gap/gap-especialistas-page1-20260903.json,excluir de prospección
libyanatravel.com,basura/PBN,señal explícita en exportación; validar página,Anclas comerciales de enlaces o PBN: excluir de oportunidades; no implica contratación por competidores.,2,http://libyanatravel.com/all/27/31.html; https://libyanatravel.com/all/27/31.html; https://libyanatravel.com/all/47/10.html; http://libyanatravel.com/all/47/10.html; https://libyanatravel.com/all/605/17.html,08-backlink-gap/backlink-gap-integrales-page1-20260903.json; 08-backlink-gap/gap-especialistas-page1-20260903.json,excluir de prospección
lydiaroyrealestate.com,basura/PBN,señal explícita en exportación; validar página,Anclas comerciales de enlaces o PBN: excluir de oportunidades; no implica contratación por competidores.,2,http://lydiaroyrealestate.com/all/27/31.html; https://lydiaroyrealestate.com/all/27/31.html; https://lydiaroyrealestate.com/all/47/10.html; http://lydiaroyrealestate.com/all/47/10.html; https://lydiaroyrealestate.com/all/605/17.html,08-backlink-gap/backlink-gap-integrales-page1-20260903.json; 08-backlink-gap/gap-especialistas-page1-20260903.json,excluir de prospección
masihnyata.com,basura/PBN,señal explícita en exportación; validar página,Anclas comerciales de enlaces o PBN: excluir de oportunidades; no implica contratación por competidores.,2,https://masihnyata.com/all/431/24.html; https://masihnyata.com/all/1147/8.html; https://masihnyata.com/all/1166/21.html; https://masihnyata.com/all/2051/19.html,08-backlink-gap/backlink-gap-integrales-page1-20260903.json; 08-backlink-gap/gap-especialistas-page1-20260903.json,excluir de prospección
missburrg.com,basura/PBN,señal explícita en exportación; validar página,Anclas comerciales de enlaces o PBN: excluir de oportunidades; no implica contratación por competidores.,2,http://missburrg.com/all/27/31.html; https://missburrg.com/all/47/10.html; http://missburrg.com/all/47/10.html; https://missburrg.com/all/605/17.html; http://missburrg.com/all/932/10.html,08-backlink-gap/backlink-gap-integrales-page1-20260903.json; 08-backlink-gap/gap-especialistas-page1-20260903.json,excluir de prospección
newblogerseo.com,basura/PBN,señal explícita en exportación; validar página,Anclas comerciales de enlaces o PBN: excluir de oportunidades; no implica contratación por competidores.,2,https://newblogerseo.com/all/1147/8.html; https://newblogerseo.com/all/1724/21.html,08-backlink-gap/backlink-gap-integrales-page1-20260903.json; 08-backlink-gap/gap-especialistas-page2-20260903.json,excluir de prospección
onlineshoppingidea.com,basura/PBN,señal explícita en exportación; validar página,Anclas comerciales de enlaces o PBN: excluir de oportunidades; no implica contratación por competidores.,2,http://onlineshoppingidea.com/all/27/31.html; http://www.onlineshoppingidea.com/all/27/31.html; https://onlineshoppingidea.com/all/27/31.html; https://onlineshoppingidea.com/all/47/10.html; http://www.onlineshoppingidea.com/all/47/10.html,08-backlink-gap/backlink-gap-integrales-page1-20260903.json; 08-backlink-gap/gap-especialistas-page1-20260903.json,excluir de prospección
plrdownloadshub.com,basura/PBN,señal explícita en exportación; validar página,Anclas comerciales de enlaces o PBN: excluir de oportunidades; no implica contratación por competidores.,2,http://plrdownloadshub.com/all/431/24.html; https://plrdownloadshub.com/all/1147/8.html; https://plrdownloadshub.com/all/1724/21.html,08-backlink-gap/backlink-gap-integrales-page1-20260903.json; 08-backlink-gap/gap-especialistas-page1-20260903.json,excluir de prospección
plumeriamarketing.com,basura/PBN,señal explícita en exportación; validar página,Anclas comerciales de enlaces o PBN: excluir de oportunidades; no implica contratación por competidores.,2,http://plumeriamarketing.com/all/27/31.html; https://plumeriamarketing.com/all/27/31.html; https://plumeriamarketing.com/all/47/10.html; http://plumeriamarketing.com/all/47/10.html; https://plumeriamarketing.com/all/605/17.html,08-backlink-gap/backlink-gap-integrales-page1-20260903.json; 08-backlink-gap/gap-especialistas-page1-20260903.json,excluir de prospección
soulvocable.com,basura/PBN,señal explícita en exportación; validar página,Anclas comerciales de enlaces o PBN: excluir de oportunidades; no implica contratación por competidores.,2,http://soulvocable.com/all/431/24.html; https://soulvocable.com/all/431/24.html; https://soulvocable.com/all/1166/21.html,08-backlink-gap/backlink-gap-integrales-page1-20260903.json; 08-backlink-gap/gap-especialistas-page1-20260903.json,excluir de prospección
thecloudherald.com,institución,sin clasificar; requiere revisión,No se deduce la naturaleza ni calidad solo del dominio.,2,,08-backlink-gap/backlink-gap-integrales-page1-20260903.json,revisión humana; sin outreach
ufabettererm4.com,basura/PBN,señal explícita en exportación; validar página,Anclas comerciales de enlaces o PBN: excluir de oportunidades; no implica contratación por competidores.,2,http://ufabettererm4.com/all/431/24.html; https://www.ufabettererm4.com/all/431/24.html; https://ufabettererm4.com/all/431/24.html; https://ufabettererm4.com/all/2051/19.html,08-backlink-gap/backlink-gap-integrales-page1-20260903.json; 08-backlink-gap/gap-especialistas-page1-20260903.json,excluir de prospección
wikipedia.org,institución,sin clasificar; requiere revisión,No se deduce la naturaleza ni calidad solo del dominio.,100,,08-backlink-gap/backlink-gap-integrales-page1-20260903.json,revisión humana; sin outreach
yahoo.com,institución,sin clasificar; requiere revisión,No se deduce la naturaleza ni calidad solo del dominio.,100,,08-backlink-gap/backlink-gap-integrales-page1-20260903.json,revisión humana; sin outreach
springer.com,institución,sin clasificar; requiere revisión,No se deduce la naturaleza ni calidad solo del dominio.,80,,08-backlink-gap/backlink-gap-integrales-page1-20260903.json,revisión humana; sin outreach
jimdofree.com,institución,sin clasificar; requiere revisión,No se deduce la naturaleza ni calidad solo del dominio.,79,,08-backlink-gap/backlink-gap-integrales-page1-20260903.json,revisión humana; sin outreach
biobiochile.cl,institución,sin clasificar; requiere revisión,No se deduce la naturaleza ni calidad solo del dominio.,76,,08-backlink-gap/backlink-gap-integrales-page1-20260903.json,revisión humana; sin outreach
mdpi.com,institución,sin clasificar; requiere revisión,No se deduce la naturaleza ni calidad solo del dominio.,73,https://www.mdpi.com/2571-8797/8/3/72,08-backlink-gap/backlink-gap-integrales-page1-20260903.json,revisión humana; sin outreach
frontiersin.org,institución,sin clasificar; requiere revisión,No se deduce la naturaleza ni calidad solo del dominio.,69,,08-backlink-gap/backlink-gap-integrales-page1-20260903.json,revisión humana; sin outreach
yumpu.com,institución,sin clasificar; requiere revisión,No se deduce la naturaleza ni calidad solo del dominio.,69,,08-backlink-gap/backlink-gap-integrales-page1-20260903.json,revisión humana; sin outreach
uc.cl,universidad,inferencia por dominio o categoría,Comprobar relación académica real y URL pertinente.,64,,08-backlink-gap/backlink-gap-integrales-page1-20260903.json,revisión humana; sin outreach
wikiversity.org,institución,sin clasificar; requiere revisión,No se deduce la naturaleza ni calidad solo del dominio.,63,,08-backlink-gap/backlink-gap-integrales-page1-20260903.json,revisión humana; sin outreach
elmostrador.cl,medio especializado,inferencia editorial,Verificar audiencia y contexto de la página fuente.,61,https://www.elmostrador.cl/noticias/pais/2010/06/02/la-consultora-que-mueve-los-hilos-en-el-ministerio-de-medio-ambiente/; https://www.elmostrador.cl/noticias/pais/2010/02/10/los-conflictos-de-interes-que-enfrentara-la-nueva-ministra-de-medio-ambiente/,08-backlink-gap/backlink-gap-integrales-page1-20260903.json,revisión humana; sin outreach
ucar.edu,universidad,inferencia por dominio o categoría,Comprobar relación académica real y URL pertinente.,58,,08-backlink-gap/backlink-gap-integrales-page1-20260903.json,revisión humana; sin outreach
encancha.cl,institución,sin clasificar; requiere revisión,No se deduce la naturaleza ni calidad solo del dominio.,57,,08-backlink-gap/backlink-gap-integrales-page1-20260903.json,revisión humana; sin outreach
uce.edu.ec,universidad,inferencia por dominio o categoría,Comprobar relación académica real y URL pertinente.,55,,08-backlink-gap/backlink-gap-integrales-page1-20260903.json,revisión humana; sin outreach
pucv.cl,universidad,inferencia por dominio o categoría,Comprobar relación académica real y URL pertinente.,52,,08-backlink-gap/backlink-gap-integrales-page1-20260903.json,revisión humana; sin outreach
senescyt.gob.ec,institución,sin clasificar; requiere revisión,No se deduce la naturaleza ni calidad solo del dominio.,49,,08-backlink-gap/backlink-gap-integrales-page1-20260903.json,revisión humana; sin outreach
hoy.com.do,institución,sin clasificar; requiere revisión,No se deduce la naturaleza ni calidad solo del dominio.,48,,08-backlink-gap/backlink-gap-integrales-page1-20260903.json,revisión humana; sin outreach
pauta.cl,institución,sin clasificar; requiere revisión,No se deduce la naturaleza ni calidad solo del dominio.,46,,08-backlink-gap/backlink-gap-integrales-page1-20260903.json,revisión humana; sin outreach
webnode.es,institución,sin clasificar; requiere revisión,No se deduce la naturaleza ni calidad solo del dominio.,46,,08-backlink-gap/backlink-gap-integrales-page1-20260903.json,revisión humana; sin outreach
lamolina.edu.pe,universidad,inferencia por dominio o categoría,Comprobar relación académica real y URL pertinente.,44,,08-backlink-gap/backlink-gap-integrales-page1-20260903.json,revisión humana; sin outreach
segurossura.com,institución,sin clasificar; requiere revisión,No se deduce la naturaleza ni calidad solo del dominio.,44,,08-backlink-gap/backlink-gap-integrales-page1-20260903.json,revisión humana; sin outreach
udla.cl,institución,sin clasificar; requiere revisión,No se deduce la naturaleza ni calidad solo del dominio.,44,,08-backlink-gap/backlink-gap-integrales-page1-20260903.json,revisión humana; sin outreach
xakep.ru,institución,sin clasificar; requiere revisión,No se deduce la naturaleza ni calidad solo del dominio.,43,https://xakep.ru/2002/05/30/15394/,08-backlink-gap/backlink-gap-integrales-page1-20260903.json,revisión humana; sin outreach
timetoast.com,institución,sin clasificar; requiere revisión,No se deduce la naturaleza ni calidad solo del dominio.,42,,08-backlink-gap/backlink-gap-integrales-page1-20260903.json,revisión humana; sin outreach
ihmc.us,institución,sin clasificar; requiere revisión,No se deduce la naturaleza ni calidad solo del dominio.,41,,08-backlink-gap/backlink-gap-integrales-page1-20260903.json,revisión humana; sin outreach
infoagro.com,institución,sin clasificar; requiere revisión,No se deduce la naturaleza ni calidad solo del dominio.,41,,08-backlink-gap/backlink-gap-integrales-page1-20260903.json,revisión humana; sin outreach
antronio.cl,institución,sin clasificar; requiere revisión,No se deduce la naturaleza ni calidad solo del dominio.,39,https://www.antronio.cl/temas/ministra-de-medio-ambiente-trabaj%C3%B3-para-pinochet.976425/page-2; https://www.antronio.cl/temas/ministra-de-medio-ambiente-trabaj%C3%B3-para-pinochet.976425/; https://www.antronio.cl/temas/cmpc-inaugurar%C3%A1-dos-nuevas-centrales-el%C3%A9ctricas-este-a%C3%B1o.1202491/,08-backlink-gap/backlink-gap-integrales-page1-20260903.json,revisión humana; sin outreach
expoknews.com,institución,sin clasificar; requiere revisión,No se deduce la naturaleza ni calidad solo del dominio.,39,,08-backlink-gap/backlink-gap-integrales-page2-20260903.json,revisión humana; sin outreach
portalminero.com,institución,sin clasificar; requiere revisión,No se deduce la naturaleza ni calidad solo del dominio.,39,,08-backlink-gap/backlink-gap-integrales-page2-20260903.json,revisión humana; sin outreach
redobservadores.cl,asociación,inferencia temática,Confirmar vínculo real y pertinencia de colaboración.,38,https://www.redobservadores.cl/lanzamientos-atlas-de-las-aves-nidificantes-de-chile-en-la-region-de-los-lagos-2/; https://www.redobservadores.cl/atlas-de-las-aves-nidificantes-de-chile/,08-backlink-gap/backlink-gap-integrales-page2-20260903.json,revisión humana; sin outreach
ciencialatina.org,institución,sin clasificar; requiere revisión,No se deduce la naturaleza ni calidad solo del dominio.,37,,08-backlink-gap/backlink-gap-integrales-page2-20260903.json,revisión humana; sin outreach
gwp.org,institución,sin clasificar; requiere revisión,No se deduce la naturaleza ni calidad solo del dominio.,37,https://www.gwp.org/zh-CN/GWP-Sud-America/MIEMBROS/Conozca-a-nuestros-miembros/gwp-chile2/; https://www.gwp.org/ru-RU/GWP-Sud-America/MIEMBROS/Conozca-a-nuestros-miembros/gwp-chile2/; https://www.gwp.org/fr/GWP-Sud-America/MIEMBROS/Conozca-a-nuestros-miembros/gwp-chile2/; https://www.gwp.org/es/GWP-Sud-America/MIEMBROS/Conozca-a-nuestros-miembros/gwp-chile2/; https://gwp.org/zh-CN/GWP-Sud-America/MIEMBROS/Conozca-a-nuestros-miembros/gwp-chile2/,08-backlink-gap/backlink-gap-integrales-page2-20260903.json,revisión humana; sin outreach
curlie.org,institución,sin clasificar; requiere revisión,No se deduce la naturaleza ni calidad solo del dominio.,36,https://www.curlie.org/es/Regional/Am%C3%A9rica/Chile/Econom%C3%ADa_y_negocios/Medio_ambiente/Consultores; https://curlie.org/es/Regional/Am%C3%A9rica/Chile/Econom%C3%ADa_y_negocios/Medio_ambiente/Consultores,08-backlink-gap/backlink-gap-integrales-page2-20260903.json,revisión humana; sin outreach
ithy.com,institución,sin clasificar; requiere revisión,No se deduce la naturaleza ni calidad solo del dominio.,36,,08-backlink-gap/backlink-gap-integrales-page2-20260903.json,revisión humana; sin outreach
blogia.com,institución,sin clasificar; requiere revisión,No se deduce la naturaleza ni calidad solo del dominio.,35,,08-backlink-gap/backlink-gap-integrales-page2-20260903.json,revisión humana; sin outreach
recimundo.com,institución,sin clasificar; requiere revisión,No se deduce la naturaleza ni calidad solo del dominio.,35,,08-backlink-gap/backlink-gap-integrales-page2-20260903.json,revisión humana; sin outreach
clodura.ai,institución,sin clasificar; requiere revisión,No se deduce la naturaleza ni calidad solo del dominio.,34,https://www.clodura.ai/directory/company/gac,08-backlink-gap/backlink-gap-integrales-page2-20260903.json,revisión humana; sin outreach
fastbase.com,institución,sin clasificar; requiere revisión,No se deduce la naturaleza ni calidad solo del dominio.,34,,08-backlink-gap/backlink-gap-integrales-page2-20260903.json,revisión humana; sin outreach
ppulegal.com,institución,sin clasificar; requiere revisión,No se deduce la naturaleza ni calidad solo del dominio.,34,,08-backlink-gap/backlink-gap-integrales-page2-20260903.json,revisión humana; sin outreach
vocescriticas.com,institución,sin clasificar; requiere revisión,No se deduce la naturaleza ni calidad solo del dominio.,34,,08-backlink-gap/backlink-gap-integrales-page2-20260903.json,revisión humana; sin outreach
diarioelcentro.cl,institución,sin clasificar; requiere revisión,No se deduce la naturaleza ni calidad solo del dominio.,33,,08-backlink-gap/backlink-gap-integrales-page2-20260903.json,revisión humana; sin outreach
latinpost.com,institución,sin clasificar; requiere revisión,No se deduce la naturaleza ni calidad solo del dominio.,33,,08-backlink-gap/backlink-gap-integrales-page2-20260903.json,revisión humana; sin outreach
redilat.org,institución,sin clasificar; requiere revisión,No se deduce la naturaleza ni calidad solo del dominio.,33,,08-backlink-gap/backlink-gap-integrales-page2-20260903.json,revisión humana; sin outreach
ecoembesempleo.es,institución,sin clasificar; requiere revisión,No se deduce la naturaleza ni calidad solo del dominio.,32,,08-backlink-gap/backlink-gap-integrales-page2-20260903.json,revisión humana; sin outreach
technologyreview.es,institución,sin clasificar; requiere revisión,No se deduce la naturaleza ni calidad solo del dominio.,32,,08-backlink-gap/backlink-gap-integrales-page2-20260903.json,revisión humana; sin outreach
elquintopoder.cl,institución,sin clasificar; requiere revisión,No se deduce la naturaleza ni calidad solo del dominio.,31,,08-backlink-gap/backlink-gap-integrales-page2-20260903.json,revisión humana; sin outreach
marketeroslatam.com,institución,sin clasificar; requiere revisión,No se deduce la naturaleza ni calidad solo del dominio.,31,,08-backlink-gap/backlink-gap-integrales-page2-20260903.json,revisión humana; sin outreach
mch.cl,institución,sin clasificar; requiere revisión,No se deduce la naturaleza ni calidad solo del dominio.,31,https://www.mch.cl/asociacion-de-empresas-consultoras-de-ingenieria-aic-integra-nuevos-socios/,08-backlink-gap/backlink-gap-integrales-page2-20260903.json,revisión humana; sin outreach
dominiodelasciencias.com,institución,sin clasificar; requiere revisión,No se deduce la naturaleza ni calidad solo del dominio.,30,,08-backlink-gap/backlink-gap-integrales-page2-20260903.json,revisión humana; sin outreach
t-firefly.com,institución,sin clasificar; requiere revisión,No se deduce la naturaleza ni calidad solo del dominio.,30,,08-backlink-gap/backlink-gap-integrales-page2-20260903.json,revisión humana; sin outreach
induambiente.com,institución,sin clasificar; requiere revisión,No se deduce la naturaleza ni calidad solo del dominio.,29,https://www.induambiente.com/; https://www.induambiente.com/5-000-millones-de-bolsas-plasticas-dejaron-de-entregarse-desde-que-rige-la-ley-que-las-prohibe; https://www.induambiente.com/4-286-hectareas-de-bosque-nativo-fueron-devastadas-por-incendios-en-la-region-de-valparaiso; https://www.induambiente.com/15-companias-productoras-de-la-red-de-ee-en-la-mineria-analizaron-su-huella-de-carbono; https://www.induambiente.com/11-proyectos-de-energias-renovables-se-construyen-en-la-region-de-coquimbo-por-us-146-millones,08-backlink-gap/backlink-gap-integrales-page2-20260903.json,revisión humana; sin outreach
iste.edu.ec,universidad,inferencia por dominio o categoría,Comprobar relación académica real y URL pertinente.,29,,08-backlink-gap/backlink-gap-integrales-page2-20260903.json,revisión humana; sin outreach
noticiasdiaadia.com,institución,sin clasificar; requiere revisión,No se deduce la naturaleza ni calidad solo del dominio.,29,,08-backlink-gap/backlink-gap-integrales-page2-20260903.json,revisión humana; sin outreach
vanguardlawmag.com,institución,sin clasificar; requiere revisión,No se deduce la naturaleza ni calidad solo del dominio.,29,https://www.vanguardlawmag.com/case-studies/javier-ruscica-olivares-pruzzo-ruscica-brotfeld-abogados/,08-backlink-gap/backlink-gap-integrales-page2-20260903.json,revisión humana; sin outreach
eltrebol.gov.ar,institución,sin clasificar; requiere revisión,No se deduce la naturaleza ni calidad solo del dominio.,28,,08-backlink-gap/backlink-gap-integrales-page2-20260903.json,revisión humana; sin outreach
odp.org,institución,sin clasificar; requiere revisión,No se deduce la naturaleza ni calidad solo del dominio.,28,http://www.odp.org/World/Espa%C3%B1ol/Regional/Am%C3%A9rica/Chile/Econom%C3%ADa_y_negocios/Medio_ambiente/Consultores; http://odp.org/World/Espa%C3%B1ol/Regional/Am%C3%A9rica/Chile/Econom%C3%ADa_y_negocios/Medio_ambiente/Consultores,08-backlink-gap/backlink-gap-integrales-page2-20260903.json,revisión humana; sin outreach
pv-magazine-latam.com,institución,sin clasificar; requiere revisión,No se deduce la naturaleza ni calidad solo del dominio.,28,,08-backlink-gap/backlink-gap-integrales-page2-20260903.json,revisión humana; sin outreach
ceupe.cl,institución,sin clasificar; requiere revisión,No se deduce la naturaleza ni calidad solo del dominio.,27,,08-backlink-gap/backlink-gap-integrales-page2-20260903.json,revisión humana; sin outreach
russianlawjournal.org,revista científica,inferencia por dominio,"Priorizar publicaciones verificadas, DOI y afiliación histórica.",27,,08-backlink-gap/backlink-gap-integrales-page2-20260903.json,revisión humana; sin outreach
olca.cl,institución,sin clasificar; requiere revisión,No se deduce la naturaleza ni calidad solo del dominio.,26,https://www.olca.cl/oca/desertificacion/informe069.htm; https://www.olca.cl/oca/chile/region05/termoelectricas019.htm; https://olca.cl/oca/desertificacion/informe069.htm; https://olca.cl/oca/chile/region05/termoelectricas019.htm,08-backlink-gap/backlink-gap-integrales-page2-20260903.json,revisión humana; sin outreach
presslatam.cl,institución,sin clasificar; requiere revisión,No se deduce la naturaleza ni calidad solo del dominio.,26,https://presslatam.cl/inicio/page/890/; https://presslatam.cl/inicio/page/872/; https://presslatam.cl/inicio/page/838/; https://presslatam.cl/inicio/page/832/; https://presslatam.cl/inicio/page/824/,08-backlink-gap/backlink-gap-integrales-page2-20260903.json,revisión humana; sin outreach
automujer.com,institución,sin clasificar; requiere revisión,No se deduce la naturaleza ni calidad solo del dominio.,25,https://www.automujer.com/cyberday-el-mundo-motor-y-sus-ofertas-para-este-evento/,08-backlink-gap/backlink-gap-integrales-page2-20260903.json,revisión humana; sin outreach
lfi.cl,institución,sin clasificar; requiere revisión,No se deduce la naturaleza ni calidad solo del dominio.,25,,08-backlink-gap/backlink-gap-integrales-page2-20260903.json,revisión humana; sin outreach
tib-op.org,institución,sin clasificar; requiere revisión,No se deduce la naturaleza ni calidad solo del dominio.,25,,08-backlink-gap/backlink-gap-integrales-page2-20260903.json,revisión humana; sin outreach
todoexpertos.com,institución,sin clasificar; requiere revisión,No se deduce la naturaleza ni calidad solo del dominio.,25,,08-backlink-gap/backlink-gap-integrales-page2-20260903.json,revisión humana; sin outreach
urlumbrella.com,institución,sin clasificar; requiere revisión,No se deduce la naturaleza ni calidad solo del dominio.,25,,08-backlink-gap/backlink-gap-integrales-page2-20260903.json,revisión humana; sin outreach
diowebhost.com,institución,sin clasificar; requiere revisión,No se deduce la naturaleza ni calidad solo del dominio.,24,,08-backlink-gap/backlink-gap-integrales-page2-20260903.json,revisión humana; sin outreach
emprendedoresnews.com,institución,sin clasificar; requiere revisión,No se deduce la naturaleza ni calidad solo del dominio.,24,,08-backlink-gap/backlink-gap-integrales-page2-20260903.json,revisión humana; sin outreach
lenciclopedia.org,institución,sin clasificar; requiere revisión,No se deduce la naturaleza ni calidad solo del dominio.,24,,08-backlink-gap/backlink-gap-integrales-page2-20260903.json,revisión humana; sin outreach
montsepenarroya.com,institución,sin clasificar; requiere revisión,No se deduce la naturaleza ni calidad solo del dominio.,24,,08-backlink-gap/backlink-gap-integrales-page2-20260903.json,revisión humana; sin outreach
tecnohumanismo.online,institución,sin clasificar; requiere revisión,No se deduce la naturaleza ni calidad solo del dominio.,23,,08-backlink-gap/backlink-gap-integrales-page2-20260903.json,revisión humana; sin outreach
tendencias21.es,institución,sin clasificar; requiere revisión,No se deduce la naturaleza ni calidad solo del dominio.,23,,08-backlink-gap/backlink-gap-integrales-page2-20260903.json,revisión humana; sin outreach
domzy.com,institución,sin clasificar; requiere revisión,No se deduce la naturaleza ni calidad solo del dominio.,22,,08-backlink-gap/backlink-gap-integrales-page2-20260903.json,revisión humana; sin outreach
somosimpactopositivo.com,institución,sin clasificar; requiere revisión,No se deduce la naturaleza ni calidad solo del dominio.,22,,08-backlink-gap/backlink-gap-integrales-page2-20260903.json,revisión humana; sin outreach
unah.edu.cu,universidad,inferencia por dominio o categoría,Comprobar relación académica real y URL pertinente.,22,,08-backlink-gap/backlink-gap-integrales-page2-20260903.json,revisión humana; sin outreach
microlinksite.com,institución,sin clasificar; requiere revisión,No se deduce la naturaleza ni calidad solo del dominio.,19,,08-backlink-gap/backlink-gap-integrales-page2-20260903.json,revisión humana; sin outreach
themetix.com,institución,sin clasificar; requiere revisión,No se deduce la naturaleza ni calidad solo del dominio.,19,,08-backlink-gap/backlink-gap-integrales-page2-20260903.json,revisión humana; sin outreach
walshp.com.pe,institución,sin clasificar; requiere revisión,No se deduce la naturaleza ni calidad solo del dominio.,19,https://www.walshp.com.pe/; https://www.walshp.com.pe/clientes/,08-backlink-gap/backlink-gap-integrales-page2-20260903.json,revisión humana; sin outreach
example3.com,institución,sin clasificar; requiere revisión,No se deduce la naturaleza ni calidad solo del dominio.,17,https://www.example3.com/domain/buk.cl,08-backlink-gap/backlink-gap-integrales-page2-20260903.json,revisión humana; sin outreach
journalbusinesses.com,revista científica,inferencia por dominio,"Priorizar publicaciones verificadas, DOI y afiliación histórica.",17,,08-backlink-gap/backlink-gap-integrales-page2-20260903.json,revisión humana; sin outreach
reeditor.com,institución,sin clasificar; requiere revisión,No se deduce la naturaleza ni calidad solo del dominio.,17,,08-backlink-gap/backlink-gap-integrales-page2-20260903.json,revisión humana; sin outreach
itred.edu.ec,universidad,inferencia por dominio o categoría,Comprobar relación académica real y URL pertinente.,16,,08-backlink-gap/backlink-gap-integrales-page2-20260903.json,revisión humana; sin outreach
masaico.cl,institución,sin clasificar; requiere revisión,No se deduce la naturaleza ni calidad solo del dominio.,16,,08-backlink-gap/backlink-gap-integrales-page2-20260903.json,revisión humana; sin outreach
onesmablog.com,institución,sin clasificar; requiere revisión,No se deduce la naturaleza ni calidad solo del dominio.,16,,08-backlink-gap/backlink-gap-integrales-page2-20260903.json,revisión humana; sin outreach
sberopedia.org,institución,sin clasificar; requiere revisión,No se deduce la naturaleza ni calidad solo del dominio.,16,,08-backlink-gap/backlink-gap-integrales-page2-20260903.json,revisión humana; sin outreach
teoriadeconstruccion.net,institución,sin clasificar; requiere revisión,No se deduce la naturaleza ni calidad solo del dominio.,16,,08-backlink-gap/backlink-gap-integrales-page2-20260903.json,revisión humana; sin outreach
thezenweb.com,institución,sin clasificar; requiere revisión,No se deduce la naturaleza ni calidad solo del dominio.,15,,08-backlink-gap/backlink-gap-integrales-page2-20260903.json,revisión humana; sin outreach
inercomunicacion.com,institución,sin clasificar; requiere revisión,No se deduce la naturaleza ni calidad solo del dominio.,14,,08-backlink-gap/backlink-gap-integrales-page2-20260903.json,revisión humana; sin outreach
mundomineria.cl,institución,sin clasificar; requiere revisión,No se deduce la naturaleza ni calidad solo del dominio.,14,,08-backlink-gap/backlink-gap-integrales-page2-20260903.json,revisión humana; sin outreach
webquestcreator2.com,institución,sin clasificar; requiere revisión,No se deduce la naturaleza ni calidad solo del dominio.,14,,08-backlink-gap/backlink-gap-integrales-page2-20260903.json,revisión humana; sin outreach
culturadigital.cl,institución,sin clasificar; requiere revisión,No se deduce la naturaleza ni calidad solo del dominio.,13,,08-backlink-gap/backlink-gap-integrales-page2-20260903.json,revisión humana; sin outreach
elinsignia.com,institución,sin clasificar; requiere revisión,No se deduce la naturaleza ni calidad solo del dominio.,13,,08-backlink-gap/backlink-gap-integrales-page2-20260903.json,revisión humana; sin outreach
forosambientales.com,institución,sin clasificar; requiere revisión,No se deduce la naturaleza ni calidad solo del dominio.,13,,08-backlink-gap/backlink-gap-integrales-page2-20260903.json,revisión humana; sin outreach
icecct.com,institución,sin clasificar; requiere revisión,No se deduce la naturaleza ni calidad solo del dominio.,13,,08-backlink-gap/backlink-gap-integrales-page2-20260903.json,revisión humana; sin outreach
icmsmt.com,institución,sin clasificar; requiere revisión,No se deduce la naturaleza ni calidad solo del dominio.,13,,08-backlink-gap/backlink-gap-integrales-page2-20260903.json,revisión humana; sin outreach
intently.co,institución,sin clasificar; requiere revisión,No se deduce la naturaleza ni calidad solo del dominio.,13,https://intently.co/suppliers/Chile/Santiago/Environmental+Consulting,08-backlink-gap/backlink-gap-integrales-page2-20260903.json,revisión humana; sin outreach
netatlas.net,institución,sin clasificar; requiere revisión,No se deduce la naturaleza ni calidad solo del dominio.,13,,08-backlink-gap/backlink-gap-integrales-page2-20260903.json,revisión humana; sin outreach
aguilaycia.cl,institución,sin clasificar; requiere revisión,No se deduce la naturaleza ni calidad solo del dominio.,12,,08-backlink-gap/backlink-gap-integrales-page2-20260903.json,revisión humana; sin outreach
directorioempresaschile.cl,directorio legítimo,candidato sin legitimar,La etiqueta es un casillero de revisión; comprobar identidad editorial y descartar enlaces automatizados.,12,,08-backlink-gap/backlink-gap-integrales-page2-20260903.json,revisión humana; sin outreach
guia-paginas.com,institución,sin clasificar; requiere revisión,No se deduce la naturaleza ni calidad solo del dominio.,12,,08-backlink-gap/backlink-gap-integrales-page2-20260903.json,revisión humana; sin outreach
toplist.co.in,institución,sin clasificar; requiere revisión,No se deduce la naturaleza ni calidad solo del dominio.,12,,08-backlink-gap/backlink-gap-integrales-page2-20260903.json,revisión humana; sin outreach
abrirarchivos.info,institución,sin clasificar; requiere revisión,No se deduce la naturaleza ni calidad solo del dominio.,11,,08-backlink-gap/backlink-gap-integrales-page2-20260903.json,revisión humana; sin outreach
citiservi.cl,institución,sin clasificar; requiere revisión,No se deduce la naturaleza ni calidad solo del dominio.,10,https://www.citiservi.cl/rm-metropolitana-santiago/gestion-ambiental-consultores-providencia__128587_4.html; http://www.citiservi.cl/rm-metropolitana-santiago/gestion-ambiental-consultores-providencia__128587_4.html,08-backlink-gap/backlink-gap-integrales-page2-20260903.json,revisión humana; sin outreach
construpedia.ai,institución,sin clasificar; requiere revisión,No se deduce la naturaleza ni calidad solo del dominio.,10,,08-backlink-gap/backlink-gap-integrales-page2-20260903.json,revisión humana; sin outreach
guianegocios.cl,institución,sin clasificar; requiere revisión,No se deduce la naturaleza ni calidad solo del dominio.,10,,08-backlink-gap/backlink-gap-integrales-page2-20260903.json,revisión humana; sin outreach
village.ai,institución,sin clasificar; requiere revisión,No se deduce la naturaleza ni calidad solo del dominio.,10,https://village.ai/company/gestionambientalconsultores,08-backlink-gap/backlink-gap-integrales-page2-20260903.json,revisión humana; sin outreach
volcanismandgeology.wordpress.com,institución,sin clasificar; requiere revisión,No se deduce la naturaleza ni calidad solo del dominio.,10,,08-backlink-gap/backlink-gap-integrales-page2-20260903.json,revisión humana; sin outreach
bioamericaconsultores.cl,institución,sin clasificar; requiere revisión,No se deduce la naturaleza ni calidad solo del dominio.,9,https://www.bioamericaconsultores.cl/clientes.html,08-backlink-gap/backlink-gap-integrales-page2-20260903.json,revisión humana; sin outreach
concejoeltrebol.gob.ar,institución,sin clasificar; requiere revisión,No se deduce la naturaleza ni calidad solo del dominio.,9,,08-backlink-gap/backlink-gap-integrales-page2-20260903.json,revisión humana; sin outreach
consultorioampuero.com,institución,sin clasificar; requiere revisión,No se deduce la naturaleza ni calidad solo del dominio.,9,,08-backlink-gap/backlink-gap-integrales-page2-20260903.json,revisión humana; sin outreach
dltech.forum,institución,sin clasificar; requiere revisión,No se deduce la naturaleza ni calidad solo del dominio.,9,,08-backlink-gap/backlink-gap-integrales-page2-20260903.json,revisión humana; sin outreach
gesam.cl,institución,sin clasificar; requiere revisión,No se deduce la naturaleza ni calidad solo del dominio.,9,https://gesam.cl/que-hacemos/clientes/,08-backlink-gap/backlink-gap-integrales-page2-20260903.json,revisión humana; sin outreach
ingenieriaforestalut.blogspot.com,institución,sin clasificar; requiere revisión,No se deduce la naturaleza ni calidad solo del dominio.,9,,08-backlink-gap/backlink-gap-integrales-page2-20260903.json,revisión humana; sin outreach
stackscan.com,institución,sin clasificar; requiere revisión,No se deduce la naturaleza ni calidad solo del dominio.,9,,08-backlink-gap/backlink-gap-integrales-page2-20260903.json,revisión humana; sin outreach
websitedesign.com.tr,institución,sin clasificar; requiere revisión,No se deduce la naturaleza ni calidad solo del dominio.,9,,08-backlink-gap/backlink-gap-integrales-page2-20260903.json,revisión humana; sin outreach
imagine-it.cl,institución,sin clasificar; requiere revisión,No se deduce la naturaleza ni calidad solo del dominio.,8,https://www.imagine-it.cl/clientes,08-backlink-gap/backlink-gap-integrales-page2-20260903.json,revisión humana; sin outreach
vidasur.cl,institución,sin clasificar; requiere revisión,No se deduce la naturaleza ni calidad solo del dominio.,8,,08-backlink-gap/backlink-gap-integrales-page2-20260903.json,revisión humana; sin outreach
agronomos.org,institución,sin clasificar; requiere revisión,No se deduce la naturaleza ni calidad solo del dominio.,7,,08-backlink-gap/backlink-gap-integrales-page2-20260903.json,revisión humana; sin outreach
chileempresas.com,institución,sin clasificar; requiere revisión,No se deduce la naturaleza ni calidad solo del dominio.,7,,08-backlink-gap/backlink-gap-integrales-page2-20260903.json,revisión humana; sin outreach
delmaq.com.py,institución,sin clasificar; requiere revisión,No se deduce la naturaleza ni calidad solo del dominio.,7,,08-backlink-gap/backlink-gap-integrales-page2-20260903.json,revisión humana; sin outreach
develop-blog.com,institución,sin clasificar; requiere revisión,No se deduce la naturaleza ni calidad solo del dominio.,7,,08-backlink-gap/backlink-gap-integrales-page2-20260903.json,revisión humana; sin outreach
laguiaonline.cl,institución,sin clasificar; requiere revisión,No se deduce la naturaleza ni calidad solo del dominio.,7,https://laguiaonline.cl/businesses/gestion-ambiental-consultores,08-backlink-gap/backlink-gap-integrales-page2-20260903.json,revisión humana; sin outreach
southforestsgroup.com,institución,sin clasificar; requiere revisión,No se deduce la naturaleza ni calidad solo del dominio.,7,,08-backlink-gap/backlink-gap-integrales-page2-20260903.json,revisión humana; sin outreach
traducimos.cl,institución,sin clasificar; requiere revisión,No se deduce la naturaleza ni calidad solo del dominio.,7,http://traducimos.cl/clientes.html; http://www.traducimos.cl/clientes.html,08-backlink-gap/backlink-gap-integrales-page2-20260903.json,revisión humana; sin outreach
vigiasdelsur.cl,institución,sin clasificar; requiere revisión,No se deduce la naturaleza ni calidad solo del dominio.,7,https://vigiasdelsur.cl/wiki/doku.php/megaproyectos:energia:sistema_de_transmision_tineo-nueva_ancud,08-backlink-gap/backlink-gap-integrales-page2-20260903.json,revisión humana; sin outreach
woc.cl,institución,sin clasificar; requiere revisión,No se deduce la naturaleza ni calidad solo del dominio.,7,http://woc.cl/portfolio.aspx?id=4&lang=eng&x=eng&x=eng&x=eng&x=eng&x=eng&x=eng&x=eng&x=eng&x=eng&x=eng&x=eng&x=eng&x=eng&x=eng&x=eng&x=eng&x=eng&x=eng&x=eng&x=eng&x=eng&x=eng&x=eng&x=eng&x=eng&x=eng&x=eng&x=eng&x=eng&x=eng&x=eng&x=eng&x=eng&x=eng&x=eng&x=eng&x=eng&x=eng&x=eng&x=eng&x=eng&x=eng&x=eng&x=eng&x=eng&x=eng&x=eng&x=eng&x=eng&x=eng&x=eng&x=eng&x=eng&x=eng&x=eng&x=eng&x=eng&x=eng&x=eng&x=eng&x=eng&x=eng&x=eng&x=eng&x=eng&x=eng&x=eng&x=eng&x=eng&x=eng&x=eng&x=eng&x=eng&x=eng&x=eng&x=eng&x=eng&x=eng&x=eng&x=eng&x=eng&x=eng&x=eng&x=eng&x=eng&x=eng&x=eng&x=eng&x=eng&x=eng&x=eng&x=eng&x=eng&x=eng&x=eng&x=eng&x=eng&x=eng&x=eng&x=eng&x=eng&x=eng&x=eng&x=eng&x=eng&x=eng&x=eng&x=eng&x=eng&x=eng&x=eng&x=eng&x=eng&x=eng&x=eng&x=eng&x=eng&x=eng&x=eng&x=eng&x=eng&x=eng&x=eng&x=esp&x=esp&x=esp&x=esp&x=esp&x=esp&x=esp&x=esp&x=esp&x=esp&x=esp&x=esp&x=esp&x=esp&x=esp&x=esp&x=esp&x=esp&x=esp&x=esp&x=esp&x=esp&x=esp&x=esp&x=esp&x=esp&x=esp&x=esp&x=esp&x=esp&x=esp&x=esp&x=esp&x=esp&x=esp&x=esp&x=esp&x=esp&x=esp&x=esp&x=esp&x=esp&x=esp&x=esp&x=esp&x=esp&x=esp&x=esp&x=esp&x=esp&x=esp&x=esp&x=esp&x=esp&x=esp&x=esp&x=esp&x=esp&x=esp&x=esp&x=esp&x=esp&x=esp&x=esp&x=esp&x=esp&x=esp&x=esp&x=esp&x=esp&x=esp&x=esp&x=esp&x=esp&x=esp&x=esp&x=esp&x=esp&x=esp&x=esp&x=esp&x=esp&x=esp&x=esp&x=esp&x=esp&x=esp&x=esp&x=esp&x=esp&x=esp&x=esp&x=esp&x=esp&x=esp&x=esp&x=esp&x=esp&x=esp&x=esp&x=esp&x=esp&x=esp&x=esp&x=esp&x=esp&x=esp&x=esp&x=esp&x=esp&x=esp&x=esp&x=esp&x=esp&x=esp&x=esp&x=esp&x=esp&x=esp&x=esp&x=esp&x=esp&x=esp; http://woc.cl/portfolio.aspx?id=4&lang=eng&x=eng&x=eng&x=eng&x=eng&x=eng&x=eng&x=eng&x=eng&x=eng&x=eng&x=eng&x=eng&x=eng&x=eng&x=eng&x=eng&x=eng&x=eng&x=eng&x=eng&x=eng&x=eng&x=eng&x=eng&x=eng&x=eng&x=eng&x=eng&x=eng&x=eng&x=eng&x=eng&x=eng&x=eng&x=eng&x=eng&x=eng&x=eng&x=eng&x=eng&x=eng&x=eng&x=eng&x=eng&x=eng&x=eng&x=eng&x=eng&x=eng&x=eng&x=eng&x=eng&x=eng&x=eng&x=eng&x=eng&x=eng&x=eng&x=eng&x=eng&x=eng&x=eng&x=eng&x=eng&x=eng&x=eng&x=eng&x=eng&x=eng&x=eng&x=eng&x=eng&x=eng&x=eng&x=eng&x=eng&x=eng&x=eng&x=eng&x=eng&x=eng&x=eng&x=eng&x=eng&x=eng&x=eng&x=eng&x=eng&x=eng&x=eng&x=eng&x=eng&x=eng&x=eng&x=eng&x=eng&x=eng&x=eng&x=eng&x=eng&x=eng&x=eng&x=eng&x=eng&x=eng&x=eng&x=eng&x=eng&x=eng&x=eng&x=eng&x=eng&x=eng&x=eng&x=eng&x=eng&x=eng&x=eng&x=eng&x=eng&x=eng&x=eng&x=eng&x=eng&x=esp&x=esp&x=esp&x=esp&x=esp&x=esp&x=esp&x=esp&x=esp&x=esp&x=esp&x=esp&x=esp&x=esp&x=esp&x=esp&x=esp&x=esp&x=esp&x=esp&x=esp&x=esp&x=esp&x=esp&x=esp&x=esp&x=esp&x=esp&x=esp&x=esp&x=esp&x=esp&x=esp&x=esp&x=esp&x=esp&x=esp&x=esp&x=esp&x=esp&x=esp&x=esp&x=esp&x=esp&x=esp&x=esp&x=esp&x=esp&x=esp&x=esp&x=esp&x=esp&x=esp&x=esp&x=esp&x=esp&x=esp&x=esp&x=esp&x=esp&x=esp&x=esp&x=esp&x=esp&x=esp&x=esp&x=esp&x=esp&x=esp&x=esp&x=esp&x=esp&x=esp&x=esp&x=esp&x=esp&x=esp&x=esp&x=esp&x=esp&x=esp&x=esp&x=esp&x=esp&x=esp&x=esp&x=esp&x=esp&x=esp&x=esp&x=esp&x=esp&x=esp&x=esp&x=esp&x=esp&x=esp&x=esp&x=esp&x=esp&x=esp&x=esp&x=esp&x=esp&x=esp&x=esp&x=esp&x=esp&x=esp&x=esp&x=esp&x=esp&x=esp&x=esp&x=esp&x=esp&x=esp&x=esp&x=esp&x=esp&x=esp&x=esp&x=esp&x=esp&x=esp; http://woc.cl/portfolio.aspx?id=4&lang=eng&x=eng&x=eng&x=eng&x=eng&x=eng&x=eng&x=eng&x=eng&x=eng&x=eng&x=eng&x=eng&x=eng&x=eng&x=eng&x=eng&x=eng&x=eng&x=eng&x=eng&x=eng&x=eng&x=eng&x=eng&x=eng&x=eng&x=eng&x=eng&x=eng&x=eng&x=eng&x=eng&x=eng&x=eng&x=eng&x=eng&x=eng&x=eng&x=eng&x=eng&x=eng&x=eng&x=eng&x=eng&x=eng&x=eng&x=eng&x=eng&x=eng&x=eng&x=eng&x=eng&x=eng&x=eng&x=eng&x=eng&x=eng&x=eng&x=eng&x=eng&x=eng&x=eng&x=eng&x=eng&x=eng&x=eng&x=eng&x=eng&x=eng&x=eng&x=eng&x=eng&x=eng&x=eng&x=eng&x=eng&x=eng&x=eng&x=eng&x=eng&x=eng&x=eng&x=eng&x=eng&x=eng&x=eng&x=eng&x=eng&x=eng&x=eng&x=eng&x=eng&x=eng&x=eng&x=eng&x=eng&x=eng&x=eng&x=eng&x=eng&x=eng&x=eng&x=eng&x=eng&x=eng&x=eng&x=eng&x=eng&x=eng&x=eng&x=eng&x=eng&x=eng&x=eng&x=eng&x=eng&x=eng&x=eng&x=eng&x=eng&x=eng&x=eng&x=eng&x=eng&x=esp&x=esp&x=esp&x=esp&x=esp&x=esp&x=esp&x=esp&x=esp&x=esp&x=esp&x=esp&x=esp&x=esp&x=esp&x=esp&x=esp&x=esp&x=esp&x=esp&x=esp&x=esp&x=esp&x=esp&x=esp&x=esp&x=esp&x=esp&x=esp&x=esp&x=esp&x=esp&x=esp&x=esp&x=esp&x=esp&x=esp&x=esp&x=esp&x=esp&x=esp&x=esp&x=esp&x=esp&x=esp&x=esp&x=esp&x=esp&x=esp&x=esp&x=esp&x=esp&x=esp&x=esp&x=esp&x=esp&x=esp&x=esp&x=esp&x=esp&x=esp&x=esp&x=esp&x=esp&x=esp&x=esp&x=esp&x=esp&x=esp&x=esp&x=esp&x=esp&x=esp&x=esp&x=esp&x=esp&x=esp&x=esp&x=esp&x=esp&x=esp&x=esp&x=esp&x=esp&x=esp&x=esp&x=esp&x=esp&x=esp&x=esp&x=esp&x=esp&x=esp&x=esp&x=esp&x=esp&x=esp&x=esp&x=esp&x=esp&x=esp&x=esp&x=esp&x=esp&x=esp&x=esp&x=esp&x=esp&x=esp&x=esp&x=esp&x=esp&x=esp&x=esp&x=esp&x=esp&x=esp&x=esp&x=esp&x=esp&x=esp&x=esp&x=esp&x=esp; http://woc.cl/portfolio.aspx?id=4&lang=eng&x=eng&x=eng&x=eng&x=eng&x=eng&x=eng&x=eng&x=eng&x=eng&x=eng&x=eng&x=eng&x=eng&x=eng&x=eng&x=eng&x=eng&x=eng&x=eng&x=eng&x=eng&x=eng&x=eng&x=eng&x=eng&x=eng&x=eng&x=eng&x=eng&x=eng&x=eng&x=eng&x=eng&x=eng&x=eng&x=eng&x=eng&x=eng&x=eng&x=eng&x=eng&x=eng&x=eng&x=eng&x=eng&x=eng&x=eng&x=eng&x=eng&x=eng&x=eng&x=eng&x=eng&x=eng&x=eng&x=eng&x=eng&x=eng&x=eng&x=eng&x=eng&x=eng&x=eng&x=eng&x=eng&x=eng&x=eng&x=eng&x=eng&x=eng&x=eng&x=eng&x=eng&x=eng&x=eng&x=eng&x=eng&x=eng&x=eng&x=eng&x=eng&x=eng&x=eng&x=eng&x=eng&x=eng&x=eng&x=eng&x=eng&x=eng&x=eng&x=eng&x=eng&x=eng&x=eng&x=eng&x=eng&x=eng&x=eng&x=eng&x=eng&x=eng&x=eng&x=eng&x=eng&x=eng&x=eng&x=eng&x=eng&x=eng&x=eng&x=eng&x=eng&x=eng&x=eng&x=eng&x=eng&x=eng&x=eng&x=eng&x=eng&x=eng&x=eng&x=eng&x=eng&x=esp&x=esp&x=esp&x=esp&x=esp&x=esp&x=esp&x=esp&x=esp&x=esp&x=esp&x=esp&x=esp&x=esp&x=esp&x=esp&x=esp&x=esp&x=esp&x=esp&x=esp&x=esp&x=esp&x=esp&x=esp&x=esp&x=esp&x=esp&x=esp&x=esp&x=esp&x=esp&x=esp&x=esp&x=esp&x=esp&x=esp&x=esp&x=esp&x=esp&x=esp&x=esp&x=esp&x=esp&x=esp&x=esp&x=esp&x=esp&x=esp&x=esp&x=esp&x=esp&x=esp&x=esp&x=esp&x=esp&x=esp&x=esp&x=esp&x=esp&x=esp&x=esp&x=esp&x=esp&x=esp&x=esp&x=esp&x=esp&x=esp&x=esp&x=esp&x=esp&x=esp&x=esp&x=esp&x=esp&x=esp&x=esp&x=esp&x=esp&x=esp&x=esp&x=esp&x=esp&x=esp&x=esp&x=esp&x=esp&x=esp&x=esp&x=esp&x=esp&x=esp&x=esp&x=esp&x=esp&x=esp&x=esp&x=esp&x=esp&x=esp&x=esp&x=esp&x=esp&x=esp&x=esp&x=esp&x=esp&x=esp&x=esp&x=esp&x=esp&x=esp&x=esp&x=esp&x=esp&x=esp&x=esp&x=esp&x=esp&x=esp&x=esp&x=esp&x=esp&x=esp&x=esp; http://woc.cl/portfolio.aspx?id=4&lang=eng&x=eng&x=eng&x=eng&x=eng&x=eng&x=eng&x=eng&x=eng&x=eng&x=eng&x=eng&x=eng&x=eng&x=eng&x=eng&x=eng&x=eng&x=eng&x=eng&x=eng&x=eng&x=eng&x=eng&x=eng&x=eng&x=eng&x=eng&x=eng&x=eng&x=eng&x=eng&x=eng&x=eng&x=eng&x=eng&x=eng&x=eng&x=eng&x=eng&x=eng&x=eng&x=eng&x=eng&x=eng&x=eng&x=eng&x=eng&x=eng&x=eng&x=eng&x=eng&x=eng&x=eng&x=eng&x=eng&x=eng&x=eng&x=eng&x=eng&x=eng&x=eng&x=eng&x=eng&x=eng&x=eng&x=eng&x=eng&x=eng&x=eng&x=eng&x=eng&x=eng&x=eng&x=eng&x=eng&x=eng&x=eng&x=eng&x=eng&x=eng&x=eng&x=eng&x=eng&x=eng&x=eng&x=eng&x=eng&x=eng&x=eng&x=eng&x=eng&x=eng&x=eng&x=eng&x=eng&x=eng&x=eng&x=eng&x=eng&x=eng&x=eng&x=eng&x=eng&x=eng&x=eng&x=eng&x=eng&x=eng&x=eng&x=eng&x=eng&x=eng&x=eng&x=eng&x=eng&x=eng&x=eng&x=eng&x=eng&x=eng&x=eng&x=eng&x=eng&x=eng&x=eng&x=esp&x=esp&x=esp&x=esp&x=esp&x=esp&x=esp&x=esp&x=esp&x=esp&x=esp&x=esp&x=esp&x=esp&x=esp&x=esp&x=esp&x=esp&x=esp&x=esp&x=esp&x=esp&x=esp&x=esp&x=esp&x=esp&x=esp&x=esp&x=esp&x=esp&x=esp&x=esp&x=esp&x=esp&x=esp&x=esp&x=esp&x=esp&x=esp&x=esp&x=esp&x=esp&x=esp&x=esp&x=esp&x=esp&x=esp&x=esp&x=esp&x=esp&x=esp&x=esp&x=esp&x=esp&x=esp&x=esp&x=esp&x=esp&x=esp&x=esp&x=esp&x=esp&x=esp&x=esp&x=esp&x=esp&x=esp&x=esp&x=esp&x=esp&x=esp&x=esp&x=esp&x=esp&x=esp&x=esp&x=esp&x=esp&x=esp&x=esp&x=esp&x=esp&x=esp&x=esp&x=esp&x=esp&x=esp&x=esp&x=esp&x=esp&x=esp&x=esp&x=esp&x=esp&x=esp&x=esp&x=esp&x=esp&x=esp&x=esp&x=esp&x=esp&x=esp&x=esp&x=esp&x=esp&x=esp&x=esp&x=esp&x=esp&x=esp&x=esp&x=esp&x=esp&x=esp&x=esp&x=esp&x=esp&x=esp&x=esp&x=esp&x=esp&x=esp&x=esp&x=esp,08-backlink-gap/backlink-gap-integrales-page2-20260903.json,revisión humana; sin outreach
articlement.com,institución,sin clasificar; requiere revisión,No se deduce la naturaleza ni calidad solo del dominio.,6,,08-backlink-gap/backlink-gap-integrales-page2-20260903.json,revisión humana; sin outreach
blogdon.net,institución,sin clasificar; requiere revisión,No se deduce la naturaleza ni calidad solo del dominio.,6,,08-backlink-gap/backlink-gap-integrales-page3-20260903.json,revisión humana; sin outreach
bloggerswise.com,institución,sin clasificar; requiere revisión,No se deduce la naturaleza ni calidad solo del dominio.,6,,08-backlink-gap/backlink-gap-integrales-page3-20260903.json,revisión humana; sin outreach
blogprodesign.com,institución,sin clasificar; requiere revisión,No se deduce la naturaleza ni calidad solo del dominio.,6,,08-backlink-gap/backlink-gap-integrales-page3-20260903.json,revisión humana; sin outreach
blogproducer.com,institución,sin clasificar; requiere revisión,No se deduce la naturaleza ni calidad solo del dominio.,6,,08-backlink-gap/backlink-gap-integrales-page3-20260903.json,revisión humana; sin outreach
buzzshrink.website,institución,sin clasificar; requiere revisión,No se deduce la naturaleza ni calidad solo del dominio.,6,https://buzzshrink.website/share/90295; https://buzzshrink.website/share/4631; https://buzzshrink.website/share/4249,08-backlink-gap/backlink-gap-integrales-page3-20260903.json; 08-backlink-gap/gap-especialistas-page1-20260903.json,revisión humana; sin outreach
cumplimientolean.com,institución,sin clasificar; requiere revisión,No se deduce la naturaleza ni calidad solo del dominio.,6,,08-backlink-gap/backlink-gap-integrales-page3-20260903.json,revisión humana; sin outreach
developmentmi.com,institución,sin clasificar; requiere revisión,No se deduce la naturaleza ni calidad solo del dominio.,6,,08-backlink-gap/backlink-gap-integrales-page3-20260903.json,revisión humana; sin outreach
espaciosweb.com,institución,sin clasificar; requiere revisión,No se deduce la naturaleza ni calidad solo del dominio.,6,,08-backlink-gap/backlink-gap-integrales-page3-20260903.json,revisión humana; sin outreach
fitnell.com,institución,sin clasificar; requiere revisión,No se deduce la naturaleza ni calidad solo del dominio.,6,,08-backlink-gap/backlink-gap-integrales-page3-20260903.json,revisión humana; sin outreach
jake.eu,institución,sin clasificar; requiere revisión,No se deduce la naturaleza ni calidad solo del dominio.,6,,08-backlink-gap/backlink-gap-integrales-page3-20260903.json; 08-backlink-gap/gap-especialistas-page1-20260903.json,revisión humana; sin outreach
kingranks.com,institución,sin clasificar; requiere revisión,No se deduce la naturaleza ni calidad solo del dominio.,6,,08-backlink-gap/backlink-gap-integrales-page3-20260903.json,revisión humana; sin outreach
linkingdirectory.com,institución,sin clasificar; requiere revisión,No se deduce la naturaleza ni calidad solo del dominio.,6,,08-backlink-gap/backlink-gap-integrales-page3-20260903.json,revisión humana; sin outreach
newbigblog.com,institución,sin clasificar; requiere revisión,No se deduce la naturaleza ni calidad solo del dominio.,6,,08-backlink-gap/backlink-gap-integrales-page3-20260903.json,revisión humana; sin outreach
onlyhealthydeals.com,basura/PBN,señal explícita en exportación; validar página,Anclas comerciales de enlaces o PBN: excluir de oportunidades; no implica contratación por competidores.,6,http://www.onlyhealthydeals.com/all/431/8.html; https://onlyhealthydeals.com/all/431/8.html,08-backlink-gap/backlink-gap-integrales-page3-20260903.json; 08-backlink-gap/gap-especialistas-page1-20260903.json,excluir de prospección
revistarebi.org,medio especializado,inferencia editorial,Verificar audiencia y contexto de la página fuente.,6,,08-backlink-gap/backlink-gap-integrales-page3-20260903.json,revisión humana; sin outreach
selk.cl,institución,sin clasificar; requiere revisión,No se deduce la naturaleza ni calidad solo del dominio.,6,,08-backlink-gap/backlink-gap-integrales-page3-20260903.json,revisión humana; sin outreach
slzii.com,institución,sin clasificar; requiere revisión,No se deduce la naturaleza ni calidad solo del dominio.,6,,08-backlink-gap/backlink-gap-integrales-page3-20260903.json,revisión humana; sin outreach
spam.cl,institución,sin clasificar; requiere revisión,No se deduce la naturaleza ni calidad solo del dominio.,6,,08-backlink-gap/backlink-gap-integrales-page3-20260903.json,revisión humana; sin outreach
starcourts.com,institución,sin clasificar; requiere revisión,No se deduce la naturaleza ni calidad solo del dominio.,6,,08-backlink-gap/backlink-gap-integrales-page3-20260903.json,revisión humana; sin outreach
toptohigh.com,institución,sin clasificar; requiere revisión,No se deduce la naturaleza ni calidad solo del dominio.,6,,08-backlink-gap/backlink-gap-integrales-page3-20260903.json,revisión humana; sin outreach
wayranks.com,institución,sin clasificar; requiere revisión,No se deduce la naturaleza ni calidad solo del dominio.,6,,08-backlink-gap/backlink-gap-integrales-page3-20260903.json,revisión humana; sin outreach
webranksite.com,institución,sin clasificar; requiere revisión,No se deduce la naturaleza ni calidad solo del dominio.,6,,08-backlink-gap/backlink-gap-integrales-page3-20260903.json,revisión humana; sin outreach
webscountry.com,institución,sin clasificar; requiere revisión,No se deduce la naturaleza ni calidad solo del dominio.,6,,08-backlink-gap/backlink-gap-integrales-page3-20260903.json,revisión humana; sin outreach
aloysionunes.com,institución,sin clasificar; requiere revisión,No se deduce la naturaleza ni calidad solo del dominio.,5,,08-backlink-gap/backlink-gap-integrales-page3-20260903.json,revisión humana; sin outreach
backlinktime.com,institución,sin clasificar; requiere revisión,No se deduce la naturaleza ni calidad solo del dominio.,5,,08-backlink-gap/backlink-gap-integrales-page3-20260903.json,revisión humana; sin outreach
buyrankbacklinks.com,institución,sin clasificar; requiere revisión,No se deduce la naturaleza ni calidad solo del dominio.,5,,08-backlink-gap/backlink-gap-integrales-page3-20260903.json,revisión humana; sin outreach
chordmp3.net,basura/PBN,señal explícita en exportación; validar página,Anclas comerciales de enlaces o PBN: excluir de oportunidades; no implica contratación por competidores.,5,https://chordmp3.net/all/431/8.html; http://chordmp3.net/all/431/8.html,08-backlink-gap/backlink-gap-integrales-page3-20260903.json; 08-backlink-gap/gap-especialistas-page1-20260903.json,excluir de prospección
domhold.com,institución,sin clasificar; requiere revisión,No se deduce la naturaleza ni calidad solo del dominio.,5,,08-backlink-gap/backlink-gap-integrales-page3-20260903.json,revisión humana; sin outreach
encycloreader.org,institución,sin clasificar; requiere revisión,No se deduce la naturaleza ni calidad solo del dominio.,5,,08-backlink-gap/backlink-gap-integrales-page3-20260903.json,revisión humana; sin outreach
faucre.com,institución,sin clasificar; requiere revisión,No se deduce la naturaleza ni calidad solo del dominio.,5,,08-backlink-gap/backlink-gap-integrales-page3-20260903.json,revisión humana; sin outreach
fohweb.com,institución,sin clasificar; requiere revisión,No se deduce la naturaleza ni calidad solo del dominio.,5,,08-backlink-gap/backlink-gap-integrales-page3-20260903.json,revisión humana; sin outreach
patagonialandconservation.com,institución,sin clasificar; requiere revisión,No se deduce la naturaleza ni calidad solo del dominio.,5,,08-backlink-gap/backlink-gap-integrales-page3-20260903.json,revisión humana; sin outreach
websites.freemyip.com,institución,sin clasificar; requiere revisión,No se deduce la naturaleza ni calidad solo del dominio.,5,https://websites.freemyip.com/share/5973; https://websites.freemyip.com/share/5972; https://websites.freemyip.com/share/54030; https://websites.freemyip.com/share/90294; https://websites.freemyip.com/share/4632,08-backlink-gap/backlink-gap-integrales-page3-20260903.json; 08-backlink-gap/gap-especialistas-page1-20260903.json,revisión humana; sin outreach
worldranksite.com,institución,sin clasificar; requiere revisión,No se deduce la naturaleza ni calidad solo del dominio.,5,,08-backlink-gap/backlink-gap-integrales-page3-20260903.json,revisión humana; sin outreach
byteyo.com,institución,sin clasificar; requiere revisión,No se deduce la naturaleza ni calidad solo del dominio.,4,,08-backlink-gap/backlink-gap-integrales-page3-20260903.json,revisión humana; sin outreach
cindylaup.com,basura/PBN,señal explícita en exportación; validar página,Anclas comerciales de enlaces o PBN: excluir de oportunidades; no implica contratación por competidores.,4,https://cindylaup.com/all/431/8.html; http://www.cindylaup.com/all/431/8.html; http://cindylaup.com/all/431/8.html; https://www.cindylaup.com/all/431/8.html,08-backlink-gap/backlink-gap-integrales-page3-20260903.json; 08-backlink-gap/gap-especialistas-page1-20260903.json,excluir de prospección
dotiqo.com,institución,sin clasificar; requiere revisión,No se deduce la naturaleza ni calidad solo del dominio.,4,,08-backlink-gap/backlink-gap-integrales-page3-20260903.json,revisión humana; sin outreach
factmags.com,institución,sin clasificar; requiere revisión,No se deduce la naturaleza ni calidad solo del dominio.,4,http://www.factmags.com/iuelpseo/bunchiesflowers-best-seo-service/; http://factmags.com/iuelpseo/bunchiesflowers-best-seo-service/; https://factmags.com/iuelpseo/bunchiesflowers-best-seo-service/; https://www.factmags.com/iuelpseo/bunchiesflowers-best-seo-service/,08-backlink-gap/backlink-gap-integrales-page3-20260903.json; 08-backlink-gap/gap-especialistas-page1-20260903.json,revisión humana; sin outreach
fastoq.com,institución,sin clasificar; requiere revisión,No se deduce la naturaleza ni calidad solo del dominio.,4,,08-backlink-gap/backlink-gap-integrales-page3-20260903.json,revisión humana; sin outreach
global-ranks.pages.dev,institución,sin clasificar; requiere revisión,No se deduce la naturaleza ni calidad solo del dominio.,4,,08-backlink-gap/backlink-gap-integrales-page3-20260903.json,revisión humana; sin outreach
goooogla.com,institución,sin clasificar; requiere revisión,No se deduce la naturaleza ni calidad solo del dominio.,4,http://goooogla.com/best-for-ranking-mssineseo/kasjueseo/; http://goooogla.com/best-for-ranking-cyhxwmseo/opadsgseo/; https://goooogla.com/best-for-ranking-mssineseo/kasjueseo/; https://goooogla.com/best-for-ranking-cyhxwmseo/opadsgseo/; https://www.goooogla.com/best-for-ranking-mssineseo/kasjueseo/,08-backlink-gap/backlink-gap-integrales-page3-20260903.json; 08-backlink-gap/gap-especialistas-page1-20260903.json,revisión humana; sin outreach
nexioe.com,institución,sin clasificar; requiere revisión,No se deduce la naturaleza ni calidad solo del dominio.,4,,08-backlink-gap/backlink-gap-integrales-page3-20260903.json,revisión humana; sin outreach
ready.pro,institución,sin clasificar; requiere revisión,No se deduce la naturaleza ni calidad solo del dominio.,4,https://ready.pro/stats/5973; https://ready.pro/stats/5972; https://www.ready.pro/stats/5973; https://www.ready.pro/stats/5972; https://www.ready.pro/stats/54030,08-backlink-gap/backlink-gap-integrales-page3-20260903.json; 08-backlink-gap/gap-especialistas-page1-20260903.json,revisión humana; sin outreach
skylinkseo.site,institución,sin clasificar; requiere revisión,No se deduce la naturaleza ni calidad solo del dominio.,4,,08-backlink-gap/backlink-gap-integrales-page3-20260903.json,revisión humana; sin outreach
snapiy.com,institución,sin clasificar; requiere revisión,No se deduce la naturaleza ni calidad solo del dominio.,4,,08-backlink-gap/backlink-gap-integrales-page3-20260903.json,revisión humana; sin outreach
vewnet.com,institución,sin clasificar; requiere revisión,No se deduce la naturaleza ni calidad solo del dominio.,4,,08-backlink-gap/backlink-gap-integrales-page3-20260903.json,revisión humana; sin outreach
webgoz.com,institución,sin clasificar; requiere revisión,No se deduce la naturaleza ni calidad solo del dominio.,4,,08-backlink-gap/backlink-gap-integrales-page3-20260903.json,revisión humana; sin outreach
yexhub.com,institución,sin clasificar; requiere revisión,No se deduce la naturaleza ni calidad solo del dominio.,4,,08-backlink-gap/backlink-gap-integrales-page3-20260903.json,revisión humana; sin outreach
bazerdaily.com,institución,sin clasificar; requiere revisión,No se deduce la naturaleza ni calidad solo del dominio.,3,,08-backlink-gap/backlink-gap-integrales-page3-20260903.json,revisión humana; sin outreach
daisye.pages.dev,institución,sin clasificar; requiere revisión,No se deduce la naturaleza ni calidad solo del dominio.,3,,08-backlink-gap/backlink-gap-integrales-page3-20260903.json,revisión humana; sin outreach
daolink.mom,institución,sin clasificar; requiere revisión,No se deduce la naturaleza ni calidad solo del dominio.,3,,08-backlink-gap/backlink-gap-integrales-page3-20260903.json,revisión humana; sin outreach
directorylinkservice.com,institución,sin clasificar; requiere revisión,No se deduce la naturaleza ni calidad solo del dominio.,3,https://www.directorylinkservice.com/domains/39857/7f7cb567730cb62c353f8f68d4bf5d4e/; https://www.directorylinkservice.com/domains/160712/fa7fb9b9083fef760ed6ee85afe62623/; https://www.directorylinkservice.com/domains/191077/7065bbf9056d76d5696a43ea61de0b1d/,08-backlink-gap/backlink-gap-integrales-page3-20260903.json; 08-backlink-gap/gap-especialistas-page1-20260903.json,revisión humana; sin outreach
fittyfoody.com,basura/PBN,señal explícita en exportación; validar página,Anclas comerciales de enlaces o PBN: excluir de oportunidades; no implica contratación por competidores.,3,http://fittyfoody.com/all/431/8.html; https://fittyfoody.com/all/431/8.html,08-backlink-gap/backlink-gap-integrales-page3-20260903.json; 08-backlink-gap/gap-especialistas-page1-20260903.json,excluir de prospección
hostprinter.com,basura/PBN,señal explícita en exportación; validar página,Anclas comerciales de enlaces o PBN: excluir de oportunidades; no implica contratación por competidores.,3,http://hostprinter.com/all/431/8.html; https://hostprinter.com/all/431/8.html,08-backlink-gap/backlink-gap-integrales-page3-20260903.json; 08-backlink-gap/gap-especialistas-page1-20260903.json,excluir de prospección
marketingexperts.click,institución,sin clasificar; requiere revisión,No se deduce la naturaleza ni calidad solo del dominio.,3,,08-backlink-gap/backlink-gap-integrales-page3-20260903.json,revisión humana; sin outreach
pick4d.live,institución,sin clasificar; requiere revisión,No se deduce la naturaleza ni calidad solo del dominio.,3,,08-backlink-gap/backlink-gap-integrales-page3-20260903.json,revisión humana; sin outreach
probsee.com,institución,sin clasificar; requiere revisión,No se deduce la naturaleza ni calidad solo del dominio.,3,,08-backlink-gap/backlink-gap-integrales-page3-20260903.json,revisión humana; sin outreach
smartstimer.com,basura/PBN,señal explícita en exportación; validar página,Anclas comerciales de enlaces o PBN: excluir de oportunidades; no implica contratación por competidores.,3,https://smartstimer.com/all/431/24.html; https://smartstimer.com/all/1166/21.html,08-backlink-gap/backlink-gap-integrales-page3-20260903.json; 08-backlink-gap/gap-especialistas-page1-20260903.json,excluir de prospección
wecelebrities.com,institución,sin clasificar; requiere revisión,No se deduce la naturaleza ni calidad solo del dominio.,3,,08-backlink-gap/backlink-gap-integrales-page3-20260903.json,revisión humana; sin outreach
worldbusinesspromote.com,institución,sin clasificar; requiere revisión,No se deduce la naturaleza ni calidad solo del dominio.,3,,08-backlink-gap/backlink-gap-integrales-page3-20260903.json,revisión humana; sin outreach
99backlinksbuy.com,institución,sin clasificar; requiere revisión,No se deduce la naturaleza ni calidad solo del dominio.,2,,08-backlink-gap/backlink-gap-integrales-page3-20260903.json,revisión humana; sin outreach
acibcusco.blogspot.com,institución,sin clasificar; requiere revisión,No se deduce la naturaleza ni calidad solo del dominio.,2,,08-backlink-gap/backlink-gap-integrales-page3-20260903.json,revisión humana; sin outreach
adcreativevideo.com,basura/PBN,señal explícita en exportación; validar página,Anclas comerciales de enlaces o PBN: excluir de oportunidades; no implica contratación por competidores.,2,http://www.adcreativevideo.com/all/431/24.html,08-backlink-gap/backlink-gap-integrales-page3-20260903.json; 08-backlink-gap/gap-especialistas-page1-20260903.json,excluir de prospección
alidatrainas.blogspot.com,institución,sin clasificar; requiere revisión,No se deduce la naturaleza ni calidad solo del dominio.,2,,08-backlink-gap/backlink-gap-integrales-page3-20260903.json,revisión humana; sin outreach
allbaclinks.com,institución,sin clasificar; requiere revisión,No se deduce la naturaleza ni calidad solo del dominio.,2,,08-backlink-gap/backlink-gap-integrales-page3-20260903.json,revisión humana; sin outreach
altonsennalims.blogspot.com,institución,sin clasificar; requiere revisión,No se deduce la naturaleza ni calidad solo del dominio.,2,,08-backlink-gap/backlink-gap-integrales-page3-20260903.json,revisión humana; sin outreach
amayaperuaas.blogspot.com,institución,sin clasificar; requiere revisión,No se deduce la naturaleza ni calidad solo del dominio.,2,,08-backlink-gap/backlink-gap-integrales-page3-20260903.json,revisión humana; sin outreach
aocscannerlims.blogspot.com,institución,sin clasificar; requiere revisión,No se deduce la naturaleza ni calidad solo del dominio.,2,,08-backlink-gap/backlink-gap-integrales-page3-20260903.json,revisión humana; sin outreach
atozbacklinks.com,institución,sin clasificar; requiere revisión,No se deduce la naturaleza ni calidad solo del dominio.,2,,08-backlink-gap/backlink-gap-integrales-page3-20260903.json,revisión humana; sin outreach
austkdaqs.blogspot.com,institución,sin clasificar; requiere revisión,No se deduce la naturaleza ni calidad solo del dominio.,2,,08-backlink-gap/backlink-gap-integrales-page3-20260903.json,revisión humana; sin outreach
ayudaincendio.info,institución,sin clasificar; requiere revisión,No se deduce la naturaleza ni calidad solo del dominio.,2,,08-backlink-gap/backlink-gap-integrales-page3-20260903.json,revisión humana; sin outreach
best-value-seo-service.com,institución,sin clasificar; requiere revisión,No se deduce la naturaleza ni calidad solo del dominio.,2,,08-backlink-gap/backlink-gap-integrales-page3-20260903.json,revisión humana; sin outreach
bestrankbacklinks.com,institución,sin clasificar; requiere revisión,No se deduce la naturaleza ni calidad solo del dominio.,2,,08-backlink-gap/backlink-gap-integrales-page3-20260903.json,revisión humana; sin outreach
bestseobacklinkforsite.com,institución,sin clasificar; requiere revisión,No se deduce la naturaleza ni calidad solo del dominio.,2,,08-backlink-gap/backlink-gap-integrales-page3-20260903.json,revisión humana; sin outreach
bestsitesbacklinks.com,institución,sin clasificar; requiere revisión,No se deduce la naturaleza ni calidad solo del dominio.,2,,08-backlink-gap/backlink-gap-integrales-page3-20260903.json,revisión humana; sin outreach
bhs-links-df.xyz,institución,sin clasificar; requiere revisión,No se deduce la naturaleza ni calidad solo del dominio.,2,,08-backlink-gap/backlink-gap-integrales-page3-20260903.json,revisión humana; sin outreach
bhs-links-fg.xyz,institución,sin clasificar; requiere revisión,No se deduce la naturaleza ni calidad solo del dominio.,2,,08-backlink-gap/backlink-gap-integrales-page3-20260903.json,revisión humana; sin outreach
bhs-links-hb.xyz,institución,sin clasificar; requiere revisión,No se deduce la naturaleza ni calidad solo del dominio.,2,,08-backlink-gap/backlink-gap-integrales-page3-20260903.json,revisión humana; sin outreach
bhs-links-hj.xyz,institución,sin clasificar; requiere revisión,No se deduce la naturaleza ni calidad solo del dominio.,2,,08-backlink-gap/backlink-gap-integrales-page3-20260903.json,revisión humana; sin outreach
bhs-links-km.xyz,institución,sin clasificar; requiere revisión,No se deduce la naturaleza ni calidad solo del dominio.,2,,08-backlink-gap/backlink-gap-integrales-page3-20260903.json,revisión humana; sin outreach
bhs-links-lk.xyz,institución,sin clasificar; requiere revisión,No se deduce la naturaleza ni calidad solo del dominio.,2,,08-backlink-gap/backlink-gap-integrales-page3-20260903.json,revisión humana; sin outreach
bhs-links-qa.xyz,institución,sin clasificar; requiere revisión,No se deduce la naturaleza ni calidad solo del dominio.,2,,08-backlink-gap/backlink-gap-integrales-page3-20260903.json,revisión humana; sin outreach
bhs-links-sd.xyz,institución,sin clasificar; requiere revisión,No se deduce la naturaleza ni calidad solo del dominio.,2,,08-backlink-gap/backlink-gap-integrales-page3-20260903.json,revisión humana; sin outreach
bhs-links-vf.xyz,institución,sin clasificar; requiere revisión,No se deduce la naturaleza ni calidad solo del dominio.,2,,08-backlink-gap/backlink-gap-integrales-page3-20260903.json,revisión humana; sin outreach
bhs-links-zx.xyz,institución,sin clasificar; requiere revisión,No se deduce la naturaleza ni calidad solo del dominio.,2,,08-backlink-gap/backlink-gap-integrales-page3-20260903.json,revisión humana; sin outreach
bisprofit.com,basura/PBN,señal explícita en exportación; validar página,Anclas comerciales de enlaces o PBN: excluir de oportunidades; no implica contratación por competidores.,2,https://bisprofit.com/all/431/8.html; http://bisprofit.com/all/431/8.html; https://www.bisprofit.com/all/431/8.html,08-backlink-gap/backlink-gap-integrales-page3-20260903.json; 08-backlink-gap/gap-especialistas-page1-20260903.json,excluir de prospección
booastrankingwithbacklinks.com,institución,sin clasificar; requiere revisión,No se deduce la naturaleza ni calidad solo del dominio.,2,,08-backlink-gap/backlink-gap-integrales-page3-20260903.json,revisión humana; sin outreach
breachviews.com,basura/PBN,señal explícita en exportación; validar página,Anclas comerciales de enlaces o PBN: excluir de oportunidades; no implica contratación por competidores.,2,http://www.breachviews.com/all/431/24.html; https://breachviews.com/all/1724/21.html; https://breachviews.com/all/2051/19.html,08-backlink-gap/backlink-gap-integrales-page3-20260903.json; 08-backlink-gap/gap-especialistas-page1-20260903.json,excluir de prospección
buy-backlinks-ranking-power.com,institución,sin clasificar; requiere revisión,No se deduce la naturaleza ni calidad solo del dominio.,2,,08-backlink-gap/backlink-gap-integrales-page3-20260903.json,revisión humana; sin outreach
buyfairbacklinks.com,institución,sin clasificar; requiere revisión,No se deduce la naturaleza ni calidad solo del dominio.,2,,08-backlink-gap/backlink-gap-integrales-page3-20260903.json,revisión humana; sin outreach
buyseolinks.site,institución,sin clasificar; requiere revisión,No se deduce la naturaleza ni calidad solo del dominio.,2,,08-backlink-gap/backlink-gap-integrales-page3-20260903.json,revisión humana; sin outreach
buytopqualitybacklinks.com,institución,sin clasificar; requiere revisión,No se deduce la naturaleza ni calidad solo del dominio.,2,,08-backlink-gap/backlink-gap-integrales-page3-20260903.json,revisión humana; sin outreach
canadapsilocybin.com,basura/PBN,señal explícita en exportación; validar página,Anclas comerciales de enlaces o PBN: excluir de oportunidades; no implica contratación por competidores.,2,https://canadapsilocybin.com/all/431/24.html,08-backlink-gap/backlink-gap-integrales-page3-20260903.json; 08-backlink-gap/gap-especialistas-page1-20260903.json,excluir de prospección
cardsadpartlim.blogspot.com,institución,sin clasificar; requiere revisión,No se deduce la naturaleza ni calidad solo del dominio.,2,,08-backlink-gap/backlink-gap-integrales-page3-20260903.json,revisión humana; sin outreach
casinooftheking.com,basura/PBN,señal explícita en exportación; validar página,Anclas comerciales de enlaces o PBN: excluir de oportunidades; no implica contratación por competidores.,2,https://casinooftheking.com/all/1147/8.html; https://casinooftheking.com/all/1166/21.html; https://casinooftheking.com/all/1724/21.html; https://casinooftheking.com/all/2051/19.html,08-backlink-gap/backlink-gap-integrales-page3-20260903.json; 08-backlink-gap/gap-especialistas-page1-20260903.json,excluir de prospección
celegonzonaverdevenezuela.blogspot.com,institución,sin clasificar; requiere revisión,No se deduce la naturaleza ni calidad solo del dominio.,2,,08-backlink-gap/backlink-gap-integrales-page3-20260903.json,revisión humana; sin outreach
chile-contact.com,institución,sin clasificar; requiere revisión,No se deduce la naturaleza ni calidad solo del dominio.,2,http://chile-contact.com/index.php?hl=es_ES&page=home; http://chile-contact.com/index.php?hl=en_EN&page=home; http://chile-contact.com/index.php?hl=de_DE&page=home; http://chile-contact.com/; https://www.chile-contact.com/index.php,08-backlink-gap/backlink-gap-integrales-page3-20260903.json,revisión humana; sin outreach
chile-contact.de,institución,sin clasificar; requiere revisión,No se deduce la naturaleza ni calidad solo del dominio.,2,https://www.chile-contact.de/index.php; https://www.chile-contact.de/; http://www.chile-contact.de/; https://chile-contact.de/index.php; https://chile-contact.de/,08-backlink-gap/backlink-gap-integrales-page3-20260903.json,revisión humana; sin outreach
chile-kontakt.de,institución,sin clasificar; requiere revisión,No se deduce la naturaleza ni calidad solo del dominio.,2,https://www.chile-kontakt.de/index.php; https://www.chile-kontakt.de/; http://www.chile-kontakt.de/; https://chile-kontakt.de/index.php; https://chile-kontakt.de/,08-backlink-gap/backlink-gap-integrales-page3-20260903.json,revisión humana; sin outreach
chileoficios.cl,institución,sin clasificar; requiere revisión,No se deduce la naturaleza ni calidad solo del dominio.,2,,08-backlink-gap/backlink-gap-integrales-page3-20260903.json,revisión humana; sin outreach
marinasone.com,basura/PBN,señal explícita en exportación; validar página,Anclas comerciales de enlaces o PBN: excluir de oportunidades; no implica contratación por competidores.,2,https://marinasone.com/all/431/24.html; https://marinasone.com/all/1724/21.html; https://marinasone.com/all/2051/19.html,08-backlink-gap/gap-especialistas-page1-20260903.json; 08-backlink-gap/gap-integrales-page4-20260903.json,excluir de prospección
mylisthero.com,basura/PBN,señal explícita en exportación; validar página,Anclas comerciales de enlaces o PBN: excluir de oportunidades; no implica contratación por competidores.,2,https://mylisthero.com/all/431/24.html; https://mylisthero.com/all/1166/21.html; https://mylisthero.com/all/1724/21.html,08-backlink-gap/gap-especialistas-page1-20260903.json; 08-backlink-gap/gap-integrales-page4-20260903.json,excluir de prospección
onvaxs.com,basura/PBN,señal explícita en exportación; validar página,Anclas comerciales de enlaces o PBN: excluir de oportunidades; no implica contratación por competidores.,2,https://onvaxs.com/all/431/24.html; https://onvaxs.com/all/1724/21.html; https://onvaxs.com/all/2051/19.html,08-backlink-gap/gap-especialistas-page1-20260903.json; 08-backlink-gap/gap-integrales-page4-20260903.json,excluir de prospección
phanerosart.com,basura/PBN,señal explícita en exportación; validar página,Anclas comerciales de enlaces o PBN: excluir de oportunidades; no implica contratación por competidores.,2,https://phanerosart.com/all/431/24.html; https://phanerosart.com/all/1724/21.html; https://phanerosart.com/all/2051/19.html,08-backlink-gap/gap-especialistas-page1-20260903.json; 08-backlink-gap/gap-integrales-page4-20260903.json,excluir de prospección
hotonlinegaming.com,basura/PBN,señal explícita en exportación; validar página,Anclas comerciales de enlaces o PBN: excluir de oportunidades; no implica contratación por competidores.,3,https://hotonlinegaming.com/all/431/24.html; https://hotonlinegaming.com/all/2051/19.html,08-backlink-gap/gap-especialistas-page1-20260903.json,excluir de prospección
mymarketpost.com,basura/PBN,señal explícita en exportación; validar página,Anclas comerciales de enlaces o PBN: excluir de oportunidades; no implica contratación por competidores.,2,https://mymarketpost.com/all/431/24.html; https://mymarketpost.com/all/1166/21.html,08-backlink-gap/gap-especialistas-page1-20260903.json; 08-backlink-gap/gap-integrales-page4-20260903.json,excluir de prospección
quotesblom.com,basura/PBN,señal explícita en exportación; validar página,Anclas comerciales de enlaces o PBN: excluir de oportunidades; no implica contratación por competidores.,2,https://quotesblom.com/all/431/24.html; https://quotesblom.com/all/1724/21.html,08-backlink-gap/gap-especialistas-page1-20260903.json; 08-backlink-gap/gap-integrales-page4-20260903.json,excluir de prospección
themicrodigits.com,basura/PBN,señal explícita en exportación; validar página,Anclas comerciales de enlaces o PBN: excluir de oportunidades; no implica contratación por competidores.,2,http://themicrodigits.com/all/431/24.html; https://themicrodigits.com/link-placement-hub/effective-niche-edit-links-designed-to-improve-da-dr-and-tf-drive-qualified-visitors-and-grow-your-business-online-302522.html,08-backlink-gap/gap-especialistas-page1-20260903.json; 08-backlink-gap/gap-integrales-page5-20260903.json,excluir de prospección
sergechel.info,institución,sin clasificar; requiere revisión,No se deduce la naturaleza ni calidad solo del dominio.,11,https://sergechel.info/list-e4e74f2129b4be1d2c20788ca212e4a9,08-backlink-gap/gap-especialistas-page1-20260903.json,revisión humana; sin outreach
forbesstories.com,basura/PBN,señal explícita en exportación; validar página,Anclas comerciales de enlaces o PBN: excluir de oportunidades; no implica contratación por competidores.,10,https://forbesstories.com/all/431/24.html,08-backlink-gap/gap-especialistas-page1-20260903.json,excluir de prospección
cheapsmmprovider.online,institución,sin clasificar; requiere revisión,No se deduce la naturaleza ni calidad solo del dominio.,6,http://www.cheapsmmprovider.online/page-a8a0ad3af611b2774c265ef5b0d9193b.html,08-backlink-gap/gap-especialistas-page1-20260903.json,revisión humana; sin outreach
jobsapp.info,institución,sin clasificar; requiere revisión,No se deduce la naturaleza ni calidad solo del dominio.,6,https://jobsapp.info/a5eb977651ea6adbc71d3857593428a0-l/,08-backlink-gap/gap-especialistas-page1-20260903.json,revisión humana; sin outreach
all-aged-domains.com,institución,sin clasificar; requiere revisión,No se deduce la naturaleza ni calidad solo del dominio.,5,https://all-aged-domains.com/page-a8a0ad3af611b2774c265ef5b0d9193b.html,08-backlink-gap/gap-especialistas-page1-20260903.json,revisión humana; sin outreach
theforbestimes.com,basura/PBN,señal explícita en exportación; validar página,Anclas comerciales de enlaces o PBN: excluir de oportunidades; no implica contratación por competidores.,5,https://theforbestimes.com/referring-domains/premium-high-da-backlinks-to-raise-domain-rating-grow-search-traffic-and-grow-your-business-online-fe77d2.html,08-backlink-gap/gap-especialistas-page1-20260903.json,excluir de prospección
booksreadr.org,institución,sin clasificar; requiere revisión,No se deduce la naturaleza ni calidad solo del dominio.,4,https://booksreadr.org/page-a8a0ad3af611b2774c265ef5b0d9193b.html; https://www.booksreadr.org/page-a8a0ad3af611b2774c265ef5b0d9193b.html,08-backlink-gap/gap-especialistas-page1-20260903.json,revisión humana; sin outreach
australianwebdirectory.shop,institución,sin clasificar; requiere revisión,No se deduce la naturaleza ni calidad solo del dominio.,3,https://australianwebdirectory.shop/page-a8a0ad3af611b2774c265ef5b0d9193b.html; https://www.australianwebdirectory.shop/page-a8a0ad3af611b2774c265ef5b0d9193b.html,08-backlink-gap/gap-especialistas-page1-20260903.json,revisión humana; sin outreach
backlinksbank.com,institución,sin clasificar; requiere revisión,No se deduce la naturaleza ni calidad solo del dominio.,3,http://www.backlinksbank.com/page-a8a0ad3af611b2774c265ef5b0d9193b.html,08-backlink-gap/gap-especialistas-page1-20260903.json,revisión humana; sin outreach
getwebsiteworth.com,institución,sin clasificar; requiere revisión,No se deduce la naturaleza ni calidad solo del dominio.,3,https://getwebsiteworth.com/a5eb977651ea6adbc71d3857593428a0-l/; https://www.getwebsiteworth.com/a5eb977651ea6adbc71d3857593428a0-l/,08-backlink-gap/gap-especialistas-page1-20260903.json,revisión humana; sin outreach
globalecommerce.org,institución,sin clasificar; requiere revisión,No se deduce la naturaleza ni calidad solo del dominio.,3,https://globalecommerce.org/page-a8a0ad3af611b2774c265ef5b0d9193b.html; https://www.globalecommerce.org/page-a8a0ad3af611b2774c265ef5b0d9193b.html,08-backlink-gap/gap-especialistas-page1-20260903.json,revisión humana; sin outreach
indians.cc,institución,sin clasificar; requiere revisión,No se deduce la naturaleza ni calidad solo del dominio.,3,https://indians.cc/page-a8a0ad3af611b2774c265ef5b0d9193b.html; https://www.indians.cc/page-a8a0ad3af611b2774c265ef5b0d9193b.html,08-backlink-gap/gap-especialistas-page1-20260903.json,revisión humana; sin outreach
way2check.cv,institución,sin clasificar; requiere revisión,No se deduce la naturaleza ni calidad solo del dominio.,3,https://www.way2check.cv/page-a8a0ad3af611b2774c265ef5b0d9193b.html; https://way2check.cv/page-a8a0ad3af611b2774c265ef5b0d9193b.html,08-backlink-gap/gap-especialistas-page1-20260903.json,revisión humana; sin outreach
1000.co.in,institución,sin clasificar; requiere revisión,No se deduce la naturaleza ni calidad solo del dominio.,2,http://www.1000.co.in/page-a8a0ad3af611b2774c265ef5b0d9193b.html,08-backlink-gap/gap-especialistas-page1-20260903.json,revisión humana; sin outreach
2x9.co,institución,sin clasificar; requiere revisión,No se deduce la naturaleza ni calidad solo del dominio.,2,https://2x9.co/page-a8a0ad3af611b2774c265ef5b0d9193b.html,08-backlink-gap/gap-especialistas-page1-20260903.json,revisión humana; sin outreach
alljobs.info,institución,sin clasificar; requiere revisión,No se deduce la naturaleza ni calidad solo del dominio.,2,https://alljobs.info/a5eb977651ea6adbc71d3857593428a0-l/; https://www.alljobs.info/a5eb977651ea6adbc71d3857593428a0-l/,08-backlink-gap/gap-especialistas-page1-20260903.json,revisión humana; sin outreach
allwebsitesdirectory.com,institución,sin clasificar; requiere revisión,No se deduce la naturaleza ni calidad solo del dominio.,2,https://allwebsitesdirectory.com/page-a8a0ad3af611b2774c265ef5b0d9193b.html; https://www.allwebsitesdirectory.com/page-a8a0ad3af611b2774c265ef5b0d9193b.html,08-backlink-gap/gap-especialistas-page1-20260903.json,revisión humana; sin outreach
avismartwarea.blogspot.com,institución,sin clasificar; requiere revisión,No se deduce la naturaleza ni calidad solo del dominio.,2,https://avismartwarea.blogspot.com/,08-backlink-gap/gap-especialistas-page1-20260903.json,revisión humana; sin outreach
backlinkhouse.com,institución,sin clasificar; requiere revisión,No se deduce la naturaleza ni calidad solo del dominio.,2,http://www.backlinkhouse.com/page-a8a0ad3af611b2774c265ef5b0d9193b.html,08-backlink-gap/gap-especialistas-page1-20260903.json,revisión humana; sin outreach
backlinkshouse.com,institución,sin clasificar; requiere revisión,No se deduce la naturaleza ni calidad solo del dominio.,2,http://www.backlinkshouse.com/page-a8a0ad3af611b2774c265ef5b0d9193b.html,08-backlink-gap/gap-especialistas-page1-20260903.json,revisión humana; sin outreach
backlinkstree.com,institución,sin clasificar; requiere revisión,No se deduce la naturaleza ni calidad solo del dominio.,2,http://www.backlinkstree.com/page-a8a0ad3af611b2774c265ef5b0d9193b.html,08-backlink-gap/gap-especialistas-page1-20260903.json,revisión humana; sin outreach
bestwebstats.com,institución,sin clasificar; requiere revisión,No se deduce la naturaleza ni calidad solo del dominio.,2,https://bestwebstats.com/page-a8a0ad3af611b2774c265ef5b0d9193b.html; https://www.bestwebstats.com/page-a8a0ad3af611b2774c265ef5b0d9193b.html,08-backlink-gap/gap-especialistas-page1-20260903.json,revisión humana; sin outreach
carplz.com,institución,sin clasificar; requiere revisión,No se deduce la naturaleza ni calidad solo del dominio.,2,https://carplz.com/page-a8a0ad3af611b2774c265ef5b0d9193b.html; http://www.carplz.com/page-a8a0ad3af611b2774c265ef5b0d9193b.html,08-backlink-gap/gap-especialistas-page1-20260903.json,revisión humana; sin outreach
cartermanageus.com,basura/PBN,señal explícita en exportación; validar página,Anclas comerciales de enlaces o PBN: excluir de oportunidades; no implica contratación por competidores.,2,https://cartermanageus.com/link-velocity-hub/powerful-pbn-backlinks-to-raise-domain-rating-build-lasting-authority-for-competitive-serp-results-55683e.html,08-backlink-gap/gap-especialistas-page1-20260903.json,excluir de prospección
currentchron.com,basura/PBN,señal explícita en exportación; validar página,Anclas comerciales de enlaces o PBN: excluir de oportunidades; no implica contratación por competidores.,2,https://currentchron.com/all/431/24.html,08-backlink-gap/gap-especialistas-page1-20260903.json,excluir de prospección
digitalchatni.com,basura/PBN,señal explícita en exportación; validar página,Anclas comerciales de enlaces o PBN: excluir de oportunidades; no implica contratación por competidores.,2,https://digitalchatni.com/all/431/24.html,08-backlink-gap/gap-especialistas-page1-20260903.json; 08-backlink-gap/gap-integrales-page4-20260903.json,excluir de prospección
digitalseotool.com,basura/PBN,señal explícita en exportación; validar página,Anclas comerciales de enlaces o PBN: excluir de oportunidades; no implica contratación por competidores.,2,http://digitalseotool.com/all/431/8.html; https://digitalseotool.com/all/431/8.html,08-backlink-gap/gap-especialistas-page1-20260903.json; 08-backlink-gap/gap-integrales-page4-20260903.json,excluir de prospección
domain.com.lc,institución,sin clasificar; requiere revisión,No se deduce la naturaleza ni calidad solo del dominio.,2,https://domain.com.lc/page-a8a0ad3af611b2774c265ef5b0d9193b.html; https://www.domain.com.lc/page-a8a0ad3af611b2774c265ef5b0d9193b.html,08-backlink-gap/gap-especialistas-page1-20260903.json,revisión humana; sin outreach
domainanalysis.org,institución,sin clasificar; requiere revisión,No se deduce la naturaleza ni calidad solo del dominio.,2,https://domainanalysis.org/page-a8a0ad3af611b2774c265ef5b0d9193b.html; https://www.domainanalysis.org/page-a8a0ad3af611b2774c265ef5b0d9193b.html,08-backlink-gap/gap-especialistas-page2-20260903.json,revisión humana; sin outreach
domainsc.com,institución,sin clasificar; requiere revisión,No se deduce la naturaleza ni calidad solo del dominio.,2,https://domainsc.com/page-a8a0ad3af611b2774c265ef5b0d9193b.html; https://www.domainsc.com/page-a8a0ad3af611b2774c265ef5b0d9193b.html,08-backlink-gap/gap-especialistas-page2-20260903.json,revisión humana; sin outreach
domainwork.space,institución,sin clasificar; requiere revisión,No se deduce la naturaleza ni calidad solo del dominio.,2,http://www.domainwork.space/page-a8a0ad3af611b2774c265ef5b0d9193b.html; http://domainwork.space/page-a8a0ad3af611b2774c265ef5b0d9193b.html,08-backlink-gap/gap-especialistas-page2-20260903.json,revisión humana; sin outreach
dropsnhcxz.blogspot.com,institución,sin clasificar; requiere revisión,No se deduce la naturaleza ni calidad solo del dominio.,2,https://dropsnhcxz.blogspot.com/; https://dropsnhcxz.blogspot.com/%C2%A0; https://dropsnhcxz.blogspot.com/www.RealEstateTechGuy.com; https://dropsnhcxz.blogspot.com/videos/search?FORM=HDRSC3&q=dropsnhcxz.blogspot.com%2Flilso.html; https://dropsnhcxz.blogspot.com/uudet-nettikasinot-syksy-2020.html,08-backlink-gap/gap-especialistas-page2-20260903.json,revisión humana; sin outreach
ecommercebenchmarking.com,institución,sin clasificar; requiere revisión,No se deduce la naturaleza ni calidad solo del dominio.,2,https://www.ecommercebenchmarking.com/page-a8a0ad3af611b2774c265ef5b0d9193b.html,08-backlink-gap/gap-especialistas-page2-20260903.json,revisión humana; sin outreach
egyptiandirectory.com,institución,sin clasificar; requiere revisión,No se deduce la naturaleza ni calidad solo del dominio.,2,https://egyptiandirectory.com/page-a8a0ad3af611b2774c265ef5b0d9193b.html; https://www.egyptiandirectory.com/page-a8a0ad3af611b2774c265ef5b0d9193b.html,08-backlink-gap/gap-especialistas-page2-20260903.json,revisión humana; sin outreach
emergencydentistinrichmondva.com,basura/PBN,señal explícita en exportación; validar página,Anclas comerciales de enlaces o PBN: excluir de oportunidades; no implica contratación por competidores.,2,https://www.emergencydentistinrichmondva.com/all/431/24.html,08-backlink-gap/gap-especialistas-page2-20260903.json; 08-backlink-gap/gap-integrales-page4-20260903.json,excluir de prospección
exotichealths.com,basura/PBN,señal explícita en exportación; validar página,Anclas comerciales de enlaces o PBN: excluir de oportunidades; no implica contratación por competidores.,2,https://exotichealths.com/all/1724/21.html,08-backlink-gap/gap-especialistas-page2-20260903.json,excluir de prospección
expresskitchendesigns.com,basura/PBN,señal explícita en exportación; validar página,Anclas comerciales de enlaces o PBN: excluir de oportunidades; no implica contratación por competidores.,2,https://expresskitchendesigns.com/all/431/24.html,08-backlink-gap/gap-especialistas-page2-20260903.json; 08-backlink-gap/gap-integrales-page4-20260903.json,excluir de prospección
fashionclothingnews.com,basura/PBN,señal explícita en exportación; validar página,Anclas comerciales de enlaces o PBN: excluir de oportunidades; no implica contratación por competidores.,2,http://www.fashionclothingnews.com/all/431/24.html; https://fashionclothingnews.com/all/431/24.html,08-backlink-gap/gap-especialistas-page2-20260903.json; 08-backlink-gap/gap-integrales-page4-20260903.json,excluir de prospección
fastlifesite.com,basura/PBN,señal explícita en exportación; validar página,Anclas comerciales de enlaces o PBN: excluir de oportunidades; no implica contratación por competidores.,2,https://fastlifesite.com/all/2051/19.html,08-backlink-gap/gap-especialistas-page2-20260903.json,excluir de prospección
findinfo.in,institución,sin clasificar; requiere revisión,No se deduce la naturaleza ni calidad solo del dominio.,2,http://www.findinfo.in/page-a8a0ad3af611b2774c265ef5b0d9193b.html,08-backlink-gap/gap-especialistas-page2-20260903.json,revisión humana; sin outreach
fiverr-affordable-seo-services.site,institución,sin clasificar; requiere revisión,No se deduce la naturaleza ni calidad solo del dominio.,2,https://fiverr-affordable-seo-services.site/fiverr-backlinks-increased-traffic-from-1000-to-6000/,08-backlink-gap/gap-especialistas-page2-20260903.json,revisión humana; sin outreach
fiverr-cost-effective-seo.site,institución,sin clasificar; requiere revisión,No se deduce la naturaleza ni calidad solo del dominio.,2,https://fiverr-cost-effective-seo.site/my-site-outranked-rivals-after-fiverr-contextual-links/,08-backlink-gap/gap-especialistas-page2-20260903.json,revisión humana; sin outreach
fiverr-quality-seo-at-affordable-rates.site,institución,sin clasificar; requiere revisión,No se deduce la naturaleza ni calidad solo del dominio.,2,https://fiverr-quality-seo-at-affordable-rates.site/fiverr-backlinks-doubled-my-ahrefs-dr-with-real-results/,08-backlink-gap/gap-especialistas-page2-20260903.json,revisión humana; sin outreach
fletcherrld.com,basura/PBN,señal explícita en exportación; validar página,Anclas comerciales de enlaces o PBN: excluir de oportunidades; no implica contratación por competidores.,2,http://fletcherrld.com/all/431/24.html,08-backlink-gap/gap-especialistas-page2-20260903.json; 08-backlink-gap/gap-integrales-page4-20260903.json,excluir de prospección
gamerkun.com,institución,sin clasificar; requiere revisión,No se deduce la naturaleza ni calidad solo del dominio.,2,http://www.gamerkun.com/page-a8a0ad3af611b2774c265ef5b0d9193b.html,08-backlink-gap/gap-especialistas-page2-20260903.json,revisión humana; sin outreach
hebagh.cv,institución,sin clasificar; requiere revisión,No se deduce la naturaleza ni calidad solo del dominio.,2,http://www.hebagh.cv/page-a8a0ad3af611b2774c265ef5b0d9193b.html,08-backlink-gap/gap-especialistas-page2-20260903.json,revisión humana; sin outreach
homefinance.co.in,institución,sin clasificar; requiere revisión,No se deduce la naturaleza ni calidad solo del dominio.,2,http://www.homefinance.co.in/page-a8a0ad3af611b2774c265ef5b0d9193b.html,08-backlink-gap/gap-especialistas-page2-20260903.json,revisión humana; sin outreach
homesforsaleoldgreenwichct.com,basura/PBN,señal explícita en exportación; validar página,Anclas comerciales de enlaces o PBN: excluir de oportunidades; no implica contratación por competidores.,2,http://homesforsaleoldgreenwichct.com/all/431/24.html; https://homesforsaleoldgreenwichct.com/all/431/24.html,08-backlink-gap/gap-especialistas-page2-20260903.json; 08-backlink-gap/gap-integrales-page4-20260903.json,excluir de prospección
indexaward.com,institución,sin clasificar; requiere revisión,No se deduce la naturaleza ni calidad solo del dominio.,2,https://indexaward.com/a5eb977651ea6adbc71d3857593428a0-l/; https://www.indexaward.com/a5eb977651ea6adbc71d3857593428a0-l/,08-backlink-gap/gap-especialistas-page2-20260903.json,revisión humana; sin outreach
kalptensevenler.tr,institución,sin clasificar; requiere revisión,No se deduce la naturaleza ni calidad solo del dominio.,2,,08-backlink-gap/gap-especialistas-page2-20260903.json,revisión humana; sin outreach
kkinsider.com,basura/PBN,señal explícita en exportación; validar página,Anclas comerciales de enlaces o PBN: excluir de oportunidades; no implica contratación por competidores.,2,https://kkinsider.com/all/431/24.html,08-backlink-gap/gap-especialistas-page2-20260903.json; 08-backlink-gap/gap-integrales-page4-20260903.json,excluir de prospección
leshy.pages.dev,institución,sin clasificar; requiere revisión,No se deduce la naturaleza ni calidad solo del dominio.,2,https://leshy.pages.dev/16/FZfRoReZLj,08-backlink-gap/gap-especialistas-page2-20260903.json,revisión humana; sin outreach
linksnatcher.art,institución,sin clasificar; requiere revisión,No se deduce la naturaleza ni calidad solo del dominio.,2,http://www.linksnatcher.art/page-a8a0ad3af611b2774c265ef5b0d9193b.html,08-backlink-gap/gap-especialistas-page2-20260903.json,revisión humana; sin outreach
linksnatcher.com,institución,sin clasificar; requiere revisión,No se deduce la naturaleza ni calidad solo del dominio.,2,https://linksnatcher.com/page-a8a0ad3af611b2774c265ef5b0d9193b.html; https://www.linksnatcher.com/page-a8a0ad3af611b2774c265ef5b0d9193b.html,08-backlink-gap/gap-especialistas-page2-20260903.json,revisión humana; sin outreach
mp3fresh.net,institución,sin clasificar; requiere revisión,No se deduce la naturaleza ni calidad solo del dominio.,2,http://www.mp3fresh.net/page-a8a0ad3af611b2774c265ef5b0d9193b.html,08-backlink-gap/gap-especialistas-page2-20260903.json,revisión humana; sin outreach
murvi.shop,basura/PBN,señal explícita en exportación; validar página,Anclas comerciales de enlaces o PBN: excluir de oportunidades; no implica contratación por competidores.,2,https://murvi.shop/seo-metrics-hub/proven-manual-outreach-backlinks-to-raise-domain-rating-improve-google-rankings-with-safe-link-velocity-5a9163.html,08-backlink-gap/gap-especialistas-page2-20260903.json,excluir de prospección
musweb.org,institución,sin clasificar; requiere revisión,No se deduce la naturaleza ni calidad solo del dominio.,2,https://musweb.org/page-a8a0ad3af611b2774c265ef5b0d9193b.html,08-backlink-gap/gap-especialistas-page2-20260903.json,revisión humana; sin outreach
nivira.shop,institución,sin clasificar; requiere revisión,No se deduce la naturaleza ni calidad solo del dominio.,2,https://nivira.shop/all/198/5.html,08-backlink-gap/gap-especialistas-page2-20260903.json,revisión humana; sin outreach
pagesearch.net,institución,sin clasificar; requiere revisión,No se deduce la naturaleza ni calidad solo del dominio.,2,https://pagesearch.net/a5eb977651ea6adbc71d3857593428a0-l/; https://www.pagesearch.net/a5eb977651ea6adbc71d3857593428a0-l/,08-backlink-gap/gap-especialistas-page2-20260903.json,revisión humana; sin outreach
plavo.shop,basura/PBN,señal explícita en exportación; validar página,Anclas comerciales de enlaces o PBN: excluir de oportunidades; no implica contratación por competidores.,2,https://plavo.shop/backlink-audit-hub/expert-high-da-backlinks-to-raise-domain-rating-outrank-your-competitors-and-grow-your-business-online-8bc121.html,08-backlink-gap/gap-especialistas-page2-20260903.json,excluir de prospección
prashikshan.in,institución,sin clasificar; requiere revisión,No se deduce la naturaleza ni calidad solo del dominio.,2,http://www.prashikshan.in/page-a8a0ad3af611b2774c265ef5b0d9193b.html,08-backlink-gap/gap-especialistas-page2-20260903.json,revisión humana; sin outreach
preparation.co.in,institución,sin clasificar; requiere revisión,No se deduce la naturaleza ni calidad solo del dominio.,2,http://www.preparation.co.in/page-a8a0ad3af611b2774c265ef5b0d9193b.html,08-backlink-gap/gap-especialistas-page2-20260903.json,revisión humana; sin outreach
procycling.org,institución,sin clasificar; requiere revisión,No se deduce la naturaleza ni calidad solo del dominio.,2,http://www.procycling.org/page-a8a0ad3af611b2774c265ef5b0d9193b.html,08-backlink-gap/gap-especialistas-page2-20260903.json,revisión humana; sin outreach
pudhe.com,institución,sin clasificar; requiere revisión,No se deduce la naturaleza ni calidad solo del dominio.,2,https://pudhe.com/page-a8a0ad3af611b2774c265ef5b0d9193b.html; https://www.pudhe.com/page-a8a0ad3af611b2774c265ef5b0d9193b.html,08-backlink-gap/gap-especialistas-page2-20260903.json,revisión humana; sin outreach
queries.co.in,institución,sin clasificar; requiere revisión,No se deduce la naturaleza ni calidad solo del dominio.,2,http://www.queries.co.in/page-a8a0ad3af611b2774c265ef5b0d9193b.html,08-backlink-gap/gap-especialistas-page2-20260903.json,revisión humana; sin outreach
read.org.in,institución,sin clasificar; requiere revisión,No se deduce la naturaleza ni calidad solo del dominio.,2,https://read.org.in/page-a8a0ad3af611b2774c265ef5b0d9193b.html; https://www.read.org.in/page-a8a0ad3af611b2774c265ef5b0d9193b.html,08-backlink-gap/gap-especialistas-page2-20260903.json,revisión humana; sin outreach
reisenweg.com,basura/PBN,señal explícita en exportación; validar página,Anclas comerciales de enlaces o PBN: excluir de oportunidades; no implica contratación por competidores.,2,https://www.reisenweg.com/all/431/24.html,08-backlink-gap/gap-especialistas-page2-20260903.json; 08-backlink-gap/gap-integrales-page4-20260903.json,excluir de prospección
rjcentinc.com,basura/PBN,señal explícita en exportación; validar página,Anclas comerciales de enlaces o PBN: excluir de oportunidades; no implica contratación por competidores.,2,https://rjcentinc.com/all/1166/21.html,08-backlink-gap/gap-especialistas-page2-20260903.json; 08-backlink-gap/gap-integrales-page4-20260903.json,excluir de prospección
sahammurah.com,basura/PBN,señal explícita en exportación; validar página,Anclas comerciales de enlaces o PBN: excluir de oportunidades; no implica contratación por competidores.,2,https://sahammurah.com/all/1724/21.html,08-backlink-gap/gap-especialistas-page2-20260903.json; 08-backlink-gap/gap-integrales-page4-20260903.json,excluir de prospección
taxies.biz,institución,sin clasificar; requiere revisión,No se deduce la naturaleza ni calidad solo del dominio.,2,http://www.taxies.biz/page-a8a0ad3af611b2774c265ef5b0d9193b.html,08-backlink-gap/gap-especialistas-page2-20260903.json,revisión humana; sin outreach
techbumppy.com,basura/PBN,señal explícita en exportación; validar página,Anclas comerciales de enlaces o PBN: excluir de oportunidades; no implica contratación por competidores.,2,http://techbumppy.com/all/431/24.html; https://techbumppy.com/all/431/24.html,08-backlink-gap/gap-especialistas-page2-20260903.json; 08-backlink-gap/gap-integrales-page5-20260903.json,excluir de prospección
texturometer.com,basura/PBN,señal explícita en exportación; validar página,Anclas comerciales de enlaces o PBN: excluir de oportunidades; no implica contratación por competidores.,2,http://texturometer.com/all/431/24.html,08-backlink-gap/gap-especialistas-page2-20260903.json,excluir de prospección
thedocmag.com,basura/PBN,señal explícita en exportación; validar página,Anclas comerciales de enlaces o PBN: excluir de oportunidades; no implica contratación por competidores.,2,https://thedocmag.com/all/431/24.html,08-backlink-gap/gap-especialistas-page2-20260903.json; 08-backlink-gap/gap-integrales-page5-20260903.json,excluir de prospección
theface.in,institución,sin clasificar; requiere revisión,No se deduce la naturaleza ni calidad solo del dominio.,2,http://www.theface.in/page-a8a0ad3af611b2774c265ef5b0d9193b.html,08-backlink-gap/gap-especialistas-page2-20260903.json,revisión humana; sin outreach
topleveldomains.space,institución,sin clasificar; requiere revisión,No se deduce la naturaleza ni calidad solo del dominio.,2,http://www.topleveldomains.space/page-a8a0ad3af611b2774c265ef5b0d9193b.html,08-backlink-gap/gap-especialistas-page2-20260903.json,revisión humana; sin outreach
tpsghanawes.blogspot.com,institución,sin clasificar; requiere revisión,No se deduce la naturaleza ni calidad solo del dominio.,2,https://tpsghanawes.blogspot.com/2023/05/s.html; https://tpsghanawes.blogspot.com/2023/05/f.html; https://tpsghanawes.blogspot.com/2023/05/; https://tpsghanawes.blogspot.com/,08-backlink-gap/gap-especialistas-page2-20260903.json,revisión humana; sin outreach
tunca.org,institución,sin clasificar; requiere revisión,No se deduce la naturaleza ni calidad solo del dominio.,2,https://www.tunca.org/a5eb977651ea6adbc71d3857593428a0-l/; https://tunca.org/a5eb977651ea6adbc71d3857593428a0-l/,08-backlink-gap/gap-especialistas-page2-20260903.json,revisión humana; sin outreach
tyre.pro,institución,sin clasificar; requiere revisión,No se deduce la naturaleza ni calidad solo del dominio.,2,http://www.tyre.pro/page-a8a0ad3af611b2774c265ef5b0d9193b.html,08-backlink-gap/gap-especialistas-page2-20260903.json,revisión humana; sin outreach
tyres.pro,institución,sin clasificar; requiere revisión,No se deduce la naturaleza ni calidad solo del dominio.,2,http://www.tyres.pro/page-a8a0ad3af611b2774c265ef5b0d9193b.html,08-backlink-gap/gap-especialistas-page2-20260903.json,revisión humana; sin outreach
uncledspizza.com,basura/PBN,señal explícita en exportación; validar página,Anclas comerciales de enlaces o PBN: excluir de oportunidades; no implica contratación por competidores.,2,https://www.uncledspizza.com/all/431/24.html; https://uncledspizza.com/all/431/24.html,08-backlink-gap/gap-especialistas-page2-20260903.json; 08-backlink-gap/gap-integrales-page5-20260903.json,excluir de prospección
wallpapers.pro,institución,sin clasificar; requiere revisión,No se deduce la naturaleza ni calidad solo del dominio.,2,https://www.wallpapers.pro/a5eb977651ea6adbc71d3857593428a0-l/; https://wallpapers.pro/a5eb977651ea6adbc71d3857593428a0-l/,08-backlink-gap/gap-especialistas-page2-20260903.json,revisión humana; sin outreach
way2check.art,institución,sin clasificar; requiere revisión,No se deduce la naturaleza ni calidad solo del dominio.,2,http://www.way2check.art/page-a8a0ad3af611b2774c265ef5b0d9193b.html,08-backlink-gap/gap-especialistas-page2-20260903.json,revisión humana; sin outreach
websitedesing.com.tr,institución,sin clasificar; requiere revisión,No se deduce la naturaleza ni calidad solo del dominio.,2,,08-backlink-gap/gap-especialistas-page2-20260903.json,revisión humana; sin outreach
websiterace.com,institución,sin clasificar; requiere revisión,No se deduce la naturaleza ni calidad solo del dominio.,2,https://www.websiterace.com/a5eb977651ea6adbc71d3857593428a0-l/; https://websiterace.com/a5eb977651ea6adbc71d3857593428a0-l/,08-backlink-gap/gap-especialistas-page2-20260903.json,revisión humana; sin outreach
websitescrawl.art,institución,sin clasificar; requiere revisión,No se deduce la naturaleza ni calidad solo del dominio.,2,http://www.websitescrawl.art/page-a8a0ad3af611b2774c265ef5b0d9193b.html,08-backlink-gap/gap-especialistas-page2-20260903.json,revisión humana; sin outreach
websitesea.com,institución,sin clasificar; requiere revisión,No se deduce la naturaleza ni calidad solo del dominio.,2,https://www.websitesea.com/a5eb977651ea6adbc71d3857593428a0-l/,08-backlink-gap/gap-especialistas-page2-20260903.json,revisión humana; sin outreach
webworthchecker.cv,institución,sin clasificar; requiere revisión,No se deduce la naturaleza ni calidad solo del dominio.,2,http://www.webworthchecker.cv/page-a8a0ad3af611b2774c265ef5b0d9193b.html,08-backlink-gap/gap-especialistas-page2-20260903.json,revisión humana; sin outreach
wnoack.cl,institución,sin clasificar; requiere revisión,No se deduce la naturaleza ni calidad solo del dominio.,2,https://wnoack.cl/paginas-web/,08-backlink-gap/gap-especialistas-page2-20260903.json,revisión humana; sin outreach
wonvision.com,institución,sin clasificar; requiere revisión,No se deduce la naturaleza ni calidad solo del dominio.,2,https://www.wonvision.com/a5eb977651ea6adbc71d3857593428a0-l/; https://wonvision.com/a5eb977651ea6adbc71d3857593428a0-l/,08-backlink-gap/gap-especialistas-page2-20260903.json,revisión humana; sin outreach
ycm.info,institución,sin clasificar; requiere revisión,No se deduce la naturaleza ni calidad solo del dominio.,2,https://ycm.info/a5eb977651ea6adbc71d3857593428a0-l/; https://www.ycm.info/a5eb977651ea6adbc71d3857593428a0-l/,08-backlink-gap/gap-especialistas-page2-20260903.json,revisión humana; sin outreach
yesdomains.space,institución,sin clasificar; requiere revisión,No se deduce la naturaleza ni calidad solo del dominio.,2,http://www.yesdomains.space/page-a8a0ad3af611b2774c265ef5b0d9193b.html,08-backlink-gap/gap-especialistas-page2-20260903.json,revisión humana; sin outreach
alltopleveldomains.space,institución,sin clasificar; requiere revisión,No se deduce la naturaleza ni calidad solo del dominio.,0,https://alltopleveldomains.space/page-a8a0ad3af611b2774c265ef5b0d9193b.html,08-backlink-gap/gap-especialistas-page2-20260903.json,revisión humana; sin outreach
domraider.eu.com,institución,sin clasificar; requiere revisión,No se deduce la naturaleza ni calidad solo del dominio.,0,https://domraider.eu.com/a5e4wf3n-listi/,08-backlink-gap/gap-especialistas-page2-20260903.json,revisión humana; sin outreach
domraider.gb.net,institución,sin clasificar; requiere revisión,No se deduce la naturaleza ni calidad solo del dominio.,0,https://domraider.gb.net/p3g7cua8-li/,08-backlink-gap/gap-especialistas-page2-20260903.json,revisión humana; sin outreach
domraider.it.com,institución,sin clasificar; requiere revisión,No se deduce la naturaleza ni calidad solo del dominio.,0,https://domraider.it.com/j1k15db3-lis/,08-backlink-gap/gap-especialistas-page2-20260903.json,revisión humana; sin outreach
seogeko.shop,basura/PBN,señal explícita en exportación; validar página,Anclas comerciales de enlaces o PBN: excluir de oportunidades; no implica contratación por competidores.,0,https://seogeko.shop/premium-seo-backlinks-to-boost-website-google-rankings-1242/; https://seogeko.shop/premium-seo-backlinks-to-boost-website-google-rankings-1242-2/,08-backlink-gap/gap-especialistas-page2-20260903.json; 08-backlink-gap/gap-integrales-page6-20260903.json,excluir de prospección
uaewebdirectory.info,institución,sin clasificar; requiere revisión,No se deduce la naturaleza ni calidad solo del dominio.,0,https://uaewebdirectory.info/page-a8a0ad3af611b2774c265ef5b0d9193b.html,08-backlink-gap/gap-especialistas-page2-20260903.json,revisión humana; sin outreach
clicktobuybacklinks.com,institución,sin clasificar; requiere revisión,No se deduce la naturaleza ni calidad solo del dominio.,2,,08-backlink-gap/gap-integrales-page4-20260903.json,revisión humana; sin outreach
conserbat-chile.blogspot.com,institución,sin clasificar; requiere revisión,No se deduce la naturaleza ni calidad solo del dominio.,2,https://conserbat-chile.blogspot.com/2013/04/,08-backlink-gap/gap-integrales-page4-20260903.json,revisión humana; sin outreach
daechul.co.com,basura/PBN,señal explícita en exportación; validar página,Anclas comerciales de enlaces o PBN: excluir de oportunidades; no implica contratación por competidores.,2,https://daechul.co.com/all/1147/8.html,08-backlink-gap/gap-integrales-page4-20260903.json,excluir de prospección
ebaygdiveslimd.blogspot.com,institución,sin clasificar; requiere revisión,No se deduce la naturaleza ni calidad solo del dominio.,2,,08-backlink-gap/gap-integrales-page4-20260903.json,revisión humana; sin outreach
ecoymedioarg.blogspot.com,institución,sin clasificar; requiere revisión,No se deduce la naturaleza ni calidad solo del dominio.,2,,08-backlink-gap/gap-integrales-page4-20260903.json,revisión humana; sin outreach
elevatesells.com,institución,sin clasificar; requiere revisión,No se deduce la naturaleza ni calidad solo del dominio.,2,https://elevatesells.com/companies/gac-2,08-backlink-gap/gap-integrales-page4-20260903.json,revisión humana; sin outreach
eliteseobacklinks.com,institución,sin clasificar; requiere revisión,No se deduce la naturaleza ni calidad solo del dominio.,2,,08-backlink-gap/gap-integrales-page4-20260903.json,revisión humana; sin outreach
emergeingenieria.cl,institución,sin clasificar; requiere revisión,No se deduce la naturaleza ni calidad solo del dominio.,2,https://emergeingenieria.cl/; http://emergeingenieria.cl/,08-backlink-gap/gap-integrales-page4-20260903.json,revisión humana; sin outreach
fjhthsaq.blogspot.com,institución,sin clasificar; requiere revisión,No se deduce la naturaleza ni calidad solo del dominio.,2,,08-backlink-gap/gap-integrales-page4-20260903.json,revisión humana; sin outreach
friendlybacklinksbuy.com,institución,sin clasificar; requiere revisión,No se deduce la naturaleza ni calidad solo del dominio.,2,,08-backlink-gap/gap-integrales-page4-20260903.json,revisión humana; sin outreach
geografia202461.blogspot.com,institución,sin clasificar; requiere revisión,No se deduce la naturaleza ni calidad solo del dominio.,2,,08-backlink-gap/gap-integrales-page4-20260903.json,revisión humana; sin outreach
geografia502-sama.blogspot.com,institución,sin clasificar; requiere revisión,No se deduce la naturaleza ni calidad solo del dominio.,2,,08-backlink-gap/gap-integrales-page4-20260903.json,revisión humana; sin outreach
get-top-rankings.com,institución,sin clasificar; requiere revisión,No se deduce la naturaleza ni calidad solo del dominio.,2,,08-backlink-gap/gap-integrales-page4-20260903.json,revisión humana; sin outreach
glrrmaqs.blogspot.com,institución,sin clasificar; requiere revisión,No se deduce la naturaleza ni calidad solo del dominio.,2,,08-backlink-gap/gap-integrales-page4-20260903.json,revisión humana; sin outreach
hormarma.blogspot.com,institución,sin clasificar; requiere revisión,No se deduce la naturaleza ni calidad solo del dominio.,2,,08-backlink-gap/gap-integrales-page4-20260903.json,revisión humana; sin outreach
icassct.com,institución,sin clasificar; requiere revisión,No se deduce la naturaleza ni calidad solo del dominio.,2,,08-backlink-gap/gap-integrales-page4-20260903.json,revisión humana; sin outreach
increasewebtrafficwithlinks.com,institución,sin clasificar; requiere revisión,No se deduce la naturaleza ni calidad solo del dominio.,2,,08-backlink-gap/gap-integrales-page4-20260903.json,revisión humana; sin outreach
industriaschile.com,institución,sin clasificar; requiere revisión,No se deduce la naturaleza ni calidad solo del dominio.,2,,08-backlink-gap/gap-integrales-page4-20260903.json,revisión humana; sin outreach
industriaschilenas.com,institución,sin clasificar; requiere revisión,No se deduce la naturaleza ni calidad solo del dominio.,2,,08-backlink-gap/gap-integrales-page4-20260903.json,revisión humana; sin outreach
industriasdechile.com,institución,sin clasificar; requiere revisión,No se deduce la naturaleza ni calidad solo del dominio.,2,,08-backlink-gap/gap-integrales-page4-20260903.json,revisión humana; sin outreach
ingenieriaagronomicauptc.blogspot.com,institución,sin clasificar; requiere revisión,No se deduce la naturaleza ni calidad solo del dominio.,2,,08-backlink-gap/gap-integrales-page4-20260903.json,revisión humana; sin outreach
instantseogrowth.com,institución,sin clasificar; requiere revisión,No se deduce la naturaleza ni calidad solo del dominio.,2,,08-backlink-gap/gap-integrales-page4-20260903.json,revisión humana; sin outreach
intokit.com,institución,sin clasificar; requiere revisión,No se deduce la naturaleza ni calidad solo del dominio.,2,,08-backlink-gap/gap-integrales-page4-20260903.json,revisión humana; sin outreach
juanhernandez38.wixsite.com,institución,sin clasificar; requiere revisión,No se deduce la naturaleza ni calidad solo del dominio.,2,,08-backlink-gap/gap-integrales-page4-20260903.json,revisión humana; sin outreach
kintuspaces.cl,institución,sin clasificar; requiere revisión,No se deduce la naturaleza ni calidad solo del dominio.,2,,08-backlink-gap/gap-integrales-page4-20260903.json,revisión humana; sin outreach
mcqpalams.blogspot.com,institución,sin clasificar; requiere revisión,No se deduce la naturaleza ni calidad solo del dominio.,2,,08-backlink-gap/gap-integrales-page4-20260903.json,revisión humana; sin outreach
natcapurbano.cl,institución,sin clasificar; requiere revisión,No se deduce la naturaleza ni calidad solo del dominio.,2,,08-backlink-gap/gap-integrales-page4-20260903.json,revisión humana; sin outreach
newwebsiteslist.com,institución,sin clasificar; requiere revisión,No se deduce la naturaleza ni calidad solo del dominio.,2,,08-backlink-gap/gap-integrales-page4-20260903.json,revisión humana; sin outreach
on-demand-seo-backlinks.com,institución,sin clasificar; requiere revisión,No se deduce la naturaleza ni calidad solo del dominio.,2,,08-backlink-gap/gap-integrales-page4-20260903.json,revisión humana; sin outreach
onlinesexplorer.blogspot.com,institución,sin clasificar; requiere revisión,No se deduce la naturaleza ni calidad solo del dominio.,2,,08-backlink-gap/gap-integrales-page4-20260903.json,revisión humana; sin outreach
ooo.pink,institución,sin clasificar; requiere revisión,No se deduce la naturaleza ni calidad solo del dominio.,2,,08-backlink-gap/gap-integrales-page4-20260903.json,revisión humana; sin outreach
paginasdenaturaleza.blogspot.com,institución,sin clasificar; requiere revisión,No se deduce la naturaleza ni calidad solo del dominio.,2,,08-backlink-gap/gap-integrales-page4-20260903.json,revisión humana; sin outreach
pakistan9000.blogspot.com,institución,sin clasificar; requiere revisión,No se deduce la naturaleza ni calidad solo del dominio.,2,,08-backlink-gap/gap-integrales-page4-20260903.json,revisión humana; sin outreach
pay2tether.site,institución,sin clasificar; requiere revisión,No se deduce la naturaleza ni calidad solo del dominio.,2,,08-backlink-gap/gap-integrales-page4-20260903.json,revisión humana; sin outreach
pebblebeachl.blogspot.com,institución,sin clasificar; requiere revisión,No se deduce la naturaleza ni calidad solo del dominio.,2,,08-backlink-gap/gap-integrales-page4-20260903.json,revisión humana; sin outreach
placerdeaprenderonline.web.app,institución,sin clasificar; requiere revisión,No se deduce la naturaleza ni calidad solo del dominio.,2,,08-backlink-gap/gap-integrales-page4-20260903.json,revisión humana; sin outreach
primenewsartical.com,institución,sin clasificar; requiere revisión,No se deduce la naturaleza ni calidad solo del dominio.,2,,08-backlink-gap/gap-integrales-page4-20260903.json,revisión humana; sin outreach
quickseolinks.com,institución,sin clasificar; requiere revisión,No se deduce la naturaleza ni calidad solo del dominio.,2,,08-backlink-gap/gap-integrales-page4-20260903.json,revisión humana; sin outreach
quinaltbeachresortand.blogspot.com,institución,sin clasificar; requiere revisión,No se deduce la naturaleza ni calidad solo del dominio.,2,,08-backlink-gap/gap-integrales-page4-20260903.json,revisión humana; sin outreach
rapcienciaanarquia.blogspot.com,institución,sin clasificar; requiere revisión,No se deduce la naturaleza ni calidad solo del dominio.,2,http://rapcienciaanarquia.blogspot.com/2010/02/ministros-de-pinera-la-patronal-chilena.html,08-backlink-gap/gap-integrales-page4-20260903.json,revisión humana; sin outreach
rarebacklinks.com,institución,sin clasificar; requiere revisión,No se deduce la naturaleza ni calidad solo del dominio.,2,,08-backlink-gap/gap-integrales-page4-20260903.json,revisión humana; sin outreach
seo-anomaly-beijing.online,institución,sin clasificar; requiere revisión,No se deduce la naturaleza ni calidad solo del dominio.,2,,08-backlink-gap/gap-integrales-page4-20260903.json,revisión humana; sin outreach
seo-anomaly-beijing.site,institución,sin clasificar; requiere revisión,No se deduce la naturaleza ni calidad solo del dominio.,2,,08-backlink-gap/gap-integrales-page4-20260903.json,revisión humana; sin outreach
seo-anomaly-beijing.space,institución,sin clasificar; requiere revisión,No se deduce la naturaleza ni calidad solo del dominio.,2,,08-backlink-gap/gap-integrales-page4-20260903.json,revisión humana; sin outreach
seo-anomaly-beijing.website,institución,sin clasificar; requiere revisión,No se deduce la naturaleza ni calidad solo del dominio.,2,,08-backlink-gap/gap-integrales-page4-20260903.json,revisión humana; sin outreach
seo-anomaly-cairo.online,institución,sin clasificar; requiere revisión,No se deduce la naturaleza ni calidad solo del dominio.,2,,08-backlink-gap/gap-integrales-page4-20260903.json,revisión humana; sin outreach
seo-anomaly-cairo.site,institución,sin clasificar; requiere revisión,No se deduce la naturaleza ni calidad solo del dominio.,2,,08-backlink-gap/gap-integrales-page4-20260903.json,revisión humana; sin outreach
seo-anomaly-cairo.space,institución,sin clasificar; requiere revisión,No se deduce la naturaleza ni calidad solo del dominio.,2,,08-backlink-gap/gap-integrales-page4-20260903.json,revisión humana; sin outreach
seo-anomaly-cairo.website,institución,sin clasificar; requiere revisión,No se deduce la naturaleza ni calidad solo del dominio.,2,,08-backlink-gap/gap-integrales-page4-20260903.json,revisión humana; sin outreach
seo-anomaly-chongqing.online,institución,sin clasificar; requiere revisión,No se deduce la naturaleza ni calidad solo del dominio.,2,,08-backlink-gap/gap-integrales-page4-20260903.json,revisión humana; sin outreach
seo-anomaly-chongqing.site,institución,sin clasificar; requiere revisión,No se deduce la naturaleza ni calidad solo del dominio.,2,,08-backlink-gap/gap-integrales-page4-20260903.json,revisión humana; sin outreach
seo-anomaly-chongqing.space,institución,sin clasificar; requiere revisión,No se deduce la naturaleza ni calidad solo del dominio.,2,,08-backlink-gap/gap-integrales-page4-20260903.json,revisión humana; sin outreach
seo-anomaly-chongqing.website,institución,sin clasificar; requiere revisión,No se deduce la naturaleza ni calidad solo del dominio.,2,,08-backlink-gap/gap-integrales-page4-20260903.json,revisión humana; sin outreach
seo-anomaly-delhi.online,institución,sin clasificar; requiere revisión,No se deduce la naturaleza ni calidad solo del dominio.,2,,08-backlink-gap/gap-integrales-page4-20260903.json,revisión humana; sin outreach
seo-anomaly-delhi.site,institución,sin clasificar; requiere revisión,No se deduce la naturaleza ni calidad solo del dominio.,2,,08-backlink-gap/gap-integrales-page4-20260903.json,revisión humana; sin outreach
seo-anomaly-delhi.space,institución,sin clasificar; requiere revisión,No se deduce la naturaleza ni calidad solo del dominio.,2,,08-backlink-gap/gap-integrales-page4-20260903.json,revisión humana; sin outreach
seo-anomaly-delhi.website,institución,sin clasificar; requiere revisión,No se deduce la naturaleza ni calidad solo del dominio.,2,,08-backlink-gap/gap-integrales-page4-20260903.json,revisión humana; sin outreach
seo-anomaly-dhaka.online,institución,sin clasificar; requiere revisión,No se deduce la naturaleza ni calidad solo del dominio.,2,,08-backlink-gap/gap-integrales-page4-20260903.json,revisión humana; sin outreach
seo-anomaly-dhaka.site,institución,sin clasificar; requiere revisión,No se deduce la naturaleza ni calidad solo del dominio.,2,,08-backlink-gap/gap-integrales-page4-20260903.json,revisión humana; sin outreach
seo-anomaly-dhaka.space,institución,sin clasificar; requiere revisión,No se deduce la naturaleza ni calidad solo del dominio.,2,,08-backlink-gap/gap-integrales-page4-20260903.json,revisión humana; sin outreach
seo-anomaly-dhaka.website,institución,sin clasificar; requiere revisión,No se deduce la naturaleza ni calidad solo del dominio.,2,,08-backlink-gap/gap-integrales-page4-20260903.json,revisión humana; sin outreach
seo-anomaly-guangzhou.online,institución,sin clasificar; requiere revisión,No se deduce la naturaleza ni calidad solo del dominio.,2,,08-backlink-gap/gap-integrales-page4-20260903.json,revisión humana; sin outreach
seo-anomaly-guangzhou.site,institución,sin clasificar; requiere revisión,No se deduce la naturaleza ni calidad solo del dominio.,2,,08-backlink-gap/gap-integrales-page4-20260903.json,revisión humana; sin outreach
seo-anomaly-guangzhou.space,institución,sin clasificar; requiere revisión,No se deduce la naturaleza ni calidad solo del dominio.,2,,08-backlink-gap/gap-integrales-page4-20260903.json,revisión humana; sin outreach
seo-anomaly-guangzhou.website,institución,sin clasificar; requiere revisión,No se deduce la naturaleza ni calidad solo del dominio.,2,,08-backlink-gap/gap-integrales-page4-20260903.json,revisión humana; sin outreach
seo-anomaly-istanbul.online,institución,sin clasificar; requiere revisión,No se deduce la naturaleza ni calidad solo del dominio.,2,,08-backlink-gap/gap-integrales-page4-20260903.json,revisión humana; sin outreach
seo-anomaly-istanbul.site,institución,sin clasificar; requiere revisión,No se deduce la naturaleza ni calidad solo del dominio.,2,,08-backlink-gap/gap-integrales-page4-20260903.json,revisión humana; sin outreach
seo-anomaly-istanbul.space,institución,sin clasificar; requiere revisión,No se deduce la naturaleza ni calidad solo del dominio.,2,,08-backlink-gap/gap-integrales-page4-20260903.json,revisión humana; sin outreach
seo-anomaly-istanbul.website,institución,sin clasificar; requiere revisión,No se deduce la naturaleza ni calidad solo del dominio.,2,,08-backlink-gap/gap-integrales-page4-20260903.json,revisión humana; sin outreach
seo-anomaly-jakarta.online,institución,sin clasificar; requiere revisión,No se deduce la naturaleza ni calidad solo del dominio.,2,,08-backlink-gap/gap-integrales-page4-20260903.json,revisión humana; sin outreach
seo-anomaly-jakarta.site,institución,sin clasificar; requiere revisión,No se deduce la naturaleza ni calidad solo del dominio.,2,,08-backlink-gap/gap-integrales-page4-20260903.json,revisión humana; sin outreach
seo-anomaly-jakarta.space,institución,sin clasificar; requiere revisión,No se deduce la naturaleza ni calidad solo del dominio.,2,,08-backlink-gap/gap-integrales-page4-20260903.json,revisión humana; sin outreach
seo-anomaly-jakarta.website,institución,sin clasificar; requiere revisión,No se deduce la naturaleza ni calidad solo del dominio.,2,,08-backlink-gap/gap-integrales-page4-20260903.json,revisión humana; sin outreach
seo-anomaly-karachi.online,institución,sin clasificar; requiere revisión,No se deduce la naturaleza ni calidad solo del dominio.,2,,08-backlink-gap/gap-integrales-page4-20260903.json,revisión humana; sin outreach
seo-anomaly-karachi.site,institución,sin clasificar; requiere revisión,No se deduce la naturaleza ni calidad solo del dominio.,2,,08-backlink-gap/gap-integrales-page4-20260903.json,revisión humana; sin outreach
seo-anomaly-karachi.space,institución,sin clasificar; requiere revisión,No se deduce la naturaleza ni calidad solo del dominio.,2,,08-backlink-gap/gap-integrales-page4-20260903.json,revisión humana; sin outreach
seo-anomaly-karachi.website,institución,sin clasificar; requiere revisión,No se deduce la naturaleza ni calidad solo del dominio.,2,,08-backlink-gap/gap-integrales-page4-20260903.json,revisión humana; sin outreach
seo-anomaly-kolkata.online,institución,sin clasificar; requiere revisión,No se deduce la naturaleza ni calidad solo del dominio.,2,,08-backlink-gap/gap-integrales-page4-20260903.json,revisión humana; sin outreach
seo-anomaly-kolkata.site,institución,sin clasificar; requiere revisión,No se deduce la naturaleza ni calidad solo del dominio.,2,,08-backlink-gap/gap-integrales-page4-20260903.json,revisión humana; sin outreach
seo-anomaly-kolkata.space,institución,sin clasificar; requiere revisión,No se deduce la naturaleza ni calidad solo del dominio.,2,,08-backlink-gap/gap-integrales-page4-20260903.json,revisión humana; sin outreach
seo-anomaly-kolkata.website,institución,sin clasificar; requiere revisión,No se deduce la naturaleza ni calidad solo del dominio.,2,,08-backlink-gap/gap-integrales-page4-20260903.json,revisión humana; sin outreach
seo-anomaly-lagos.online,institución,sin clasificar; requiere revisión,No se deduce la naturaleza ni calidad solo del dominio.,2,,08-backlink-gap/gap-integrales-page4-20260903.json,revisión humana; sin outreach
seo-anomaly-lagos.site,institución,sin clasificar; requiere revisión,No se deduce la naturaleza ni calidad solo del dominio.,2,,08-backlink-gap/gap-integrales-page4-20260903.json,revisión humana; sin outreach
seo-anomaly-lagos.space,institución,sin clasificar; requiere revisión,No se deduce la naturaleza ni calidad solo del dominio.,2,,08-backlink-gap/gap-integrales-page5-20260903.json,revisión humana; sin outreach
seo-anomaly-lagos.website,institución,sin clasificar; requiere revisión,No se deduce la naturaleza ni calidad solo del dominio.,2,,08-backlink-gap/gap-integrales-page5-20260903.json,revisión humana; sin outreach
seo-anomaly-lahore.online,institución,sin clasificar; requiere revisión,No se deduce la naturaleza ni calidad solo del dominio.,2,,08-backlink-gap/gap-integrales-page5-20260903.json,revisión humana; sin outreach
seo-anomaly-lahore.site,institución,sin clasificar; requiere revisión,No se deduce la naturaleza ni calidad solo del dominio.,2,,08-backlink-gap/gap-integrales-page5-20260903.json,revisión humana; sin outreach
seo-anomaly-lahore.space,institución,sin clasificar; requiere revisión,No se deduce la naturaleza ni calidad solo del dominio.,2,,08-backlink-gap/gap-integrales-page5-20260903.json,revisión humana; sin outreach
seo-anomaly-lahore.website,institución,sin clasificar; requiere revisión,No se deduce la naturaleza ni calidad solo del dominio.,2,,08-backlink-gap/gap-integrales-page5-20260903.json,revisión humana; sin outreach
seo-anomaly-los-angeles.online,institución,sin clasificar; requiere revisión,No se deduce la naturaleza ni calidad solo del dominio.,2,,08-backlink-gap/gap-integrales-page5-20260903.json,revisión humana; sin outreach
seo-anomaly-los-angeles.site,institución,sin clasificar; requiere revisión,No se deduce la naturaleza ni calidad solo del dominio.,2,,08-backlink-gap/gap-integrales-page5-20260903.json,revisión humana; sin outreach
seo-anomaly-los-angeles.space,institución,sin clasificar; requiere revisión,No se deduce la naturaleza ni calidad solo del dominio.,2,,08-backlink-gap/gap-integrales-page5-20260903.json,revisión humana; sin outreach
seo-anomaly-los-angeles.website,institución,sin clasificar; requiere revisión,No se deduce la naturaleza ni calidad solo del dominio.,2,,08-backlink-gap/gap-integrales-page5-20260903.json,revisión humana; sin outreach
seo-anomaly-manila.online,institución,sin clasificar; requiere revisión,No se deduce la naturaleza ni calidad solo del dominio.,2,,08-backlink-gap/gap-integrales-page5-20260903.json,revisión humana; sin outreach
seo-anomaly-manila.site,institución,sin clasificar; requiere revisión,No se deduce la naturaleza ni calidad solo del dominio.,2,,08-backlink-gap/gap-integrales-page5-20260903.json,revisión humana; sin outreach
seo-anomaly-manila.space,institución,sin clasificar; requiere revisión,No se deduce la naturaleza ni calidad solo del dominio.,2,,08-backlink-gap/gap-integrales-page5-20260903.json,revisión humana; sin outreach
seo-anomaly-manila.website,institución,sin clasificar; requiere revisión,No se deduce la naturaleza ni calidad solo del dominio.,2,,08-backlink-gap/gap-integrales-page5-20260903.json,revisión humana; sin outreach
seo-anomaly-mexico.online,institución,sin clasificar; requiere revisión,No se deduce la naturaleza ni calidad solo del dominio.,2,,08-backlink-gap/gap-integrales-page5-20260903.json,revisión humana; sin outreach
seo-anomaly-mexico.site,institución,sin clasificar; requiere revisión,No se deduce la naturaleza ni calidad solo del dominio.,2,,08-backlink-gap/gap-integrales-page5-20260903.json,revisión humana; sin outreach
seo-anomaly-mexico.space,institución,sin clasificar; requiere revisión,No se deduce la naturaleza ni calidad solo del dominio.,2,,08-backlink-gap/gap-integrales-page5-20260903.json,revisión humana; sin outreach
seo-anomaly-mexico.website,institución,sin clasificar; requiere revisión,No se deduce la naturaleza ni calidad solo del dominio.,2,,08-backlink-gap/gap-integrales-page5-20260903.json,revisión humana; sin outreach
seo-anomaly-moscow.online,institución,sin clasificar; requiere revisión,No se deduce la naturaleza ni calidad solo del dominio.,2,,08-backlink-gap/gap-integrales-page5-20260903.json,revisión humana; sin outreach
seo-anomaly-moscow.site,institución,sin clasificar; requiere revisión,No se deduce la naturaleza ni calidad solo del dominio.,2,,08-backlink-gap/gap-integrales-page5-20260903.json,revisión humana; sin outreach
seo-anomaly-moscow.space,institución,sin clasificar; requiere revisión,No se deduce la naturaleza ni calidad solo del dominio.,2,,08-backlink-gap/gap-integrales-page5-20260903.json,revisión humana; sin outreach
seo-anomaly-moscow.website,institución,sin clasificar; requiere revisión,No se deduce la naturaleza ni calidad solo del dominio.,2,,08-backlink-gap/gap-integrales-page5-20260903.json,revisión humana; sin outreach
seo-anomaly-mumbai.online,institución,sin clasificar; requiere revisión,No se deduce la naturaleza ni calidad solo del dominio.,2,,08-backlink-gap/gap-integrales-page5-20260903.json,revisión humana; sin outreach
seo-anomaly-mumbai.site,institución,sin clasificar; requiere revisión,No se deduce la naturaleza ni calidad solo del dominio.,2,,08-backlink-gap/gap-integrales-page5-20260903.json,revisión humana; sin outreach
seo-anomaly-mumbai.space,institución,sin clasificar; requiere revisión,No se deduce la naturaleza ni calidad solo del dominio.,2,,08-backlink-gap/gap-integrales-page5-20260903.json,revisión humana; sin outreach
seo-anomaly-mumbai.website,institución,sin clasificar; requiere revisión,No se deduce la naturaleza ni calidad solo del dominio.,2,,08-backlink-gap/gap-integrales-page5-20260903.json,revisión humana; sin outreach
seo-anomaly-osaka.online,institución,sin clasificar; requiere revisión,No se deduce la naturaleza ni calidad solo del dominio.,2,,08-backlink-gap/gap-integrales-page5-20260903.json,revisión humana; sin outreach
seo-anomaly-osaka.site,institución,sin clasificar; requiere revisión,No se deduce la naturaleza ni calidad solo del dominio.,2,,08-backlink-gap/gap-integrales-page5-20260903.json,revisión humana; sin outreach
seo-anomaly-osaka.space,institución,sin clasificar; requiere revisión,No se deduce la naturaleza ni calidad solo del dominio.,2,,08-backlink-gap/gap-integrales-page5-20260903.json,revisión humana; sin outreach
seo-anomaly-osaka.website,institución,sin clasificar; requiere revisión,No se deduce la naturaleza ni calidad solo del dominio.,2,,08-backlink-gap/gap-integrales-page5-20260903.json,revisión humana; sin outreach
seo-anomaly-rio.online,institución,sin clasificar; requiere revisión,No se deduce la naturaleza ni calidad solo del dominio.,2,,08-backlink-gap/gap-integrales-page5-20260903.json,revisión humana; sin outreach
seo-anomaly-rio.site,institución,sin clasificar; requiere revisión,No se deduce la naturaleza ni calidad solo del dominio.,2,,08-backlink-gap/gap-integrales-page5-20260903.json,revisión humana; sin outreach
seo-anomaly-rio.space,institución,sin clasificar; requiere revisión,No se deduce la naturaleza ni calidad solo del dominio.,2,,08-backlink-gap/gap-integrales-page5-20260903.json,revisión humana; sin outreach
seo-anomaly-rio.website,institución,sin clasificar; requiere revisión,No se deduce la naturaleza ni calidad solo del dominio.,2,,08-backlink-gap/gap-integrales-page5-20260903.json,revisión humana; sin outreach
seo-anomaly-sao-paulo.online,institución,sin clasificar; requiere revisión,No se deduce la naturaleza ni calidad solo del dominio.,2,,08-backlink-gap/gap-integrales-page5-20260903.json,revisión humana; sin outreach
seo-anomaly-sao-paulo.site,institución,sin clasificar; requiere revisión,No se deduce la naturaleza ni calidad solo del dominio.,2,,08-backlink-gap/gap-integrales-page5-20260903.json,revisión humana; sin outreach
seo-anomaly-sao-paulo.space,institución,sin clasificar; requiere revisión,No se deduce la naturaleza ni calidad solo del dominio.,2,,08-backlink-gap/gap-integrales-page5-20260903.json,revisión humana; sin outreach
seo-anomaly-sao-paulo.website,institución,sin clasificar; requiere revisión,No se deduce la naturaleza ni calidad solo del dominio.,2,,08-backlink-gap/gap-integrales-page5-20260903.json,revisión humana; sin outreach
seo-anomaly-seoul.online,institución,sin clasificar; requiere revisión,No se deduce la naturaleza ni calidad solo del dominio.,2,,08-backlink-gap/gap-integrales-page5-20260903.json,revisión humana; sin outreach
seo-anomaly-seoul.site,institución,sin clasificar; requiere revisión,No se deduce la naturaleza ni calidad solo del dominio.,2,,08-backlink-gap/gap-integrales-page5-20260903.json,revisión humana; sin outreach
seo-anomaly-seoul.space,institución,sin clasificar; requiere revisión,No se deduce la naturaleza ni calidad solo del dominio.,2,,08-backlink-gap/gap-integrales-page5-20260903.json,revisión humana; sin outreach
seo-anomaly-seoul.website,institución,sin clasificar; requiere revisión,No se deduce la naturaleza ni calidad solo del dominio.,2,,08-backlink-gap/gap-integrales-page5-20260903.json,revisión humana; sin outreach
seo-anomaly-shanghai.online,institución,sin clasificar; requiere revisión,No se deduce la naturaleza ni calidad solo del dominio.,2,,08-backlink-gap/gap-integrales-page5-20260903.json,revisión humana; sin outreach
seo-anomaly-shanghai.site,institución,sin clasificar; requiere revisión,No se deduce la naturaleza ni calidad solo del dominio.,2,,08-backlink-gap/gap-integrales-page5-20260903.json,revisión humana; sin outreach
seo-anomaly-shanghai.space,institución,sin clasificar; requiere revisión,No se deduce la naturaleza ni calidad solo del dominio.,2,,08-backlink-gap/gap-integrales-page5-20260903.json,revisión humana; sin outreach
seo-anomaly-shanghai.website,institución,sin clasificar; requiere revisión,No se deduce la naturaleza ni calidad solo del dominio.,2,,08-backlink-gap/gap-integrales-page5-20260903.json,revisión humana; sin outreach
seo-anomaly-shenzhen.online,institución,sin clasificar; requiere revisión,No se deduce la naturaleza ni calidad solo del dominio.,2,,08-backlink-gap/gap-integrales-page5-20260903.json,revisión humana; sin outreach
seo-anomaly-shenzhen.site,institución,sin clasificar; requiere revisión,No se deduce la naturaleza ni calidad solo del dominio.,2,,08-backlink-gap/gap-integrales-page5-20260903.json,revisión humana; sin outreach
seo-anomaly-shenzhen.space,institución,sin clasificar; requiere revisión,No se deduce la naturaleza ni calidad solo del dominio.,2,,08-backlink-gap/gap-integrales-page5-20260903.json,revisión humana; sin outreach
seo-anomaly-shenzhen.website,institución,sin clasificar; requiere revisión,No se deduce la naturaleza ni calidad solo del dominio.,2,,08-backlink-gap/gap-integrales-page5-20260903.json,revisión humana; sin outreach
seo-anomaly-tianjin.online,institución,sin clasificar; requiere revisión,No se deduce la naturaleza ni calidad solo del dominio.,2,,08-backlink-gap/gap-integrales-page5-20260903.json,revisión humana; sin outreach
seo-anomaly-tianjin.site,institución,sin clasificar; requiere revisión,No se deduce la naturaleza ni calidad solo del dominio.,2,,08-backlink-gap/gap-integrales-page5-20260903.json,revisión humana; sin outreach
seo-anomaly-tianjin.space,institución,sin clasificar; requiere revisión,No se deduce la naturaleza ni calidad solo del dominio.,2,,08-backlink-gap/gap-integrales-page5-20260903.json,revisión humana; sin outreach
seo-anomaly-tianjin.website,institución,sin clasificar; requiere revisión,No se deduce la naturaleza ni calidad solo del dominio.,2,,08-backlink-gap/gap-integrales-page5-20260903.json,revisión humana; sin outreach
seo-anomaly-tokyo.online,institución,sin clasificar; requiere revisión,No se deduce la naturaleza ni calidad solo del dominio.,2,,08-backlink-gap/gap-integrales-page5-20260903.json,revisión humana; sin outreach
seo-anomaly-tokyo.site,institución,sin clasificar; requiere revisión,No se deduce la naturaleza ni calidad solo del dominio.,2,,08-backlink-gap/gap-integrales-page5-20260903.json,revisión humana; sin outreach
seo-anomaly-tokyo.space,institución,sin clasificar; requiere revisión,No se deduce la naturaleza ni calidad solo del dominio.,2,,08-backlink-gap/gap-integrales-page5-20260903.json,revisión humana; sin outreach
seo-anomaly-tokyo.website,institución,sin clasificar; requiere revisión,No se deduce la naturaleza ni calidad solo del dominio.,2,,08-backlink-gap/gap-integrales-page5-20260903.json,revisión humana; sin outreach
seo-cartel-0-31.xyz,institución,sin clasificar; requiere revisión,No se deduce la naturaleza ni calidad solo del dominio.,2,,08-backlink-gap/gap-integrales-page5-20260903.json,revisión humana; sin outreach
seo-cartel-0-32.xyz,institución,sin clasificar; requiere revisión,No se deduce la naturaleza ni calidad solo del dominio.,2,,08-backlink-gap/gap-integrales-page5-20260903.json,revisión humana; sin outreach
seo-cartel-0-33.xyz,institución,sin clasificar; requiere revisión,No se deduce la naturaleza ni calidad solo del dominio.,2,,08-backlink-gap/gap-integrales-page5-20260903.json,revisión humana; sin outreach
seo-cartel-0-34.xyz,institución,sin clasificar; requiere revisión,No se deduce la naturaleza ni calidad solo del dominio.,2,,08-backlink-gap/gap-integrales-page5-20260903.json,revisión humana; sin outreach
seo-cartel-0-35.xyz,institución,sin clasificar; requiere revisión,No se deduce la naturaleza ni calidad solo del dominio.,2,,08-backlink-gap/gap-integrales-page5-20260903.json,revisión humana; sin outreach
seo-cartel-0-36.xyz,institución,sin clasificar; requiere revisión,No se deduce la naturaleza ni calidad solo del dominio.,2,,08-backlink-gap/gap-integrales-page5-20260903.json,revisión humana; sin outreach
seo-cartel-0-37.xyz,institución,sin clasificar; requiere revisión,No se deduce la naturaleza ni calidad solo del dominio.,2,,08-backlink-gap/gap-integrales-page5-20260903.json,revisión humana; sin outreach
seo-cartel-0-38.xyz,institución,sin clasificar; requiere revisión,No se deduce la naturaleza ni calidad solo del dominio.,2,,08-backlink-gap/gap-integrales-page5-20260903.json,revisión humana; sin outreach
seo-cartel-0-39.xyz,institución,sin clasificar; requiere revisión,No se deduce la naturaleza ni calidad solo del dominio.,2,,08-backlink-gap/gap-integrales-page5-20260903.json,revisión humana; sin outreach
seo-cartel-0-40.xyz,institución,sin clasificar; requiere revisión,No se deduce la naturaleza ni calidad solo del dominio.,2,,08-backlink-gap/gap-integrales-page5-20260903.json,revisión humana; sin outreach
seo-cartel-0-41.xyz,institución,sin clasificar; requiere revisión,No se deduce la naturaleza ni calidad solo del dominio.,2,,08-backlink-gap/gap-integrales-page5-20260903.json,revisión humana; sin outreach
seo-cartel-0-42.xyz,institución,sin clasificar; requiere revisión,No se deduce la naturaleza ni calidad solo del dominio.,2,,08-backlink-gap/gap-integrales-page5-20260903.json,revisión humana; sin outreach
seo-cartel-0-43.xyz,institución,sin clasificar; requiere revisión,No se deduce la naturaleza ni calidad solo del dominio.,2,,08-backlink-gap/gap-integrales-page5-20260903.json,revisión humana; sin outreach
seo-cartel-0-44.xyz,institución,sin clasificar; requiere revisión,No se deduce la naturaleza ni calidad solo del dominio.,2,,08-backlink-gap/gap-integrales-page5-20260903.json,revisión humana; sin outreach
seo-cartel-0-45.xyz,institución,sin clasificar; requiere revisión,No se deduce la naturaleza ni calidad solo del dominio.,2,,08-backlink-gap/gap-integrales-page5-20260903.json,revisión humana; sin outreach
seo-cartel-0-46.xyz,institución,sin clasificar; requiere revisión,No se deduce la naturaleza ni calidad solo del dominio.,2,,08-backlink-gap/gap-integrales-page5-20260903.json,revisión humana; sin outreach
seo-cartel-0-47.xyz,institución,sin clasificar; requiere revisión,No se deduce la naturaleza ni calidad solo del dominio.,2,,08-backlink-gap/gap-integrales-page5-20260903.json,revisión humana; sin outreach
seo-cartel-0-48.xyz,institución,sin clasificar; requiere revisión,No se deduce la naturaleza ni calidad solo del dominio.,2,,08-backlink-gap/gap-integrales-page5-20260903.json,revisión humana; sin outreach
seo-cartel-0-49.xyz,institución,sin clasificar; requiere revisión,No se deduce la naturaleza ni calidad solo del dominio.,2,,08-backlink-gap/gap-integrales-page5-20260903.json,revisión humana; sin outreach
seo-cartel-0-50.xyz,institución,sin clasificar; requiere revisión,No se deduce la naturaleza ni calidad solo del dominio.,2,,08-backlink-gap/gap-integrales-page5-20260903.json,revisión humana; sin outreach
seo-expert-service.com,institución,sin clasificar; requiere revisión,No se deduce la naturaleza ni calidad solo del dominio.,2,,08-backlink-gap/gap-integrales-page5-20260903.json,revisión humana; sin outreach
seopositivo.net,institución,sin clasificar; requiere revisión,No se deduce la naturaleza ni calidad solo del dominio.,2,,08-backlink-gap/gap-integrales-page5-20260903.json,revisión humana; sin outreach
silifosca.com,institución,sin clasificar; requiere revisión,No se deduce la naturaleza ni calidad solo del dominio.,2,,08-backlink-gap/gap-integrales-page5-20260903.json,revisión humana; sin outreach
sistemadeinformaciongeograficagis.blogspot.com,institución,sin clasificar; requiere revisión,No se deduce la naturaleza ni calidad solo del dominio.,2,,08-backlink-gap/gap-integrales-page5-20260903.json,revisión humana; sin outreach
staronlinegamblings.blogspot.com,institución,sin clasificar; requiere revisión,No se deduce la naturaleza ni calidad solo del dominio.,2,,08-backlink-gap/gap-integrales-page5-20260903.json,revisión humana; sin outreach
superbqualitybacklinks.com,institución,sin clasificar; requiere revisión,No se deduce la naturaleza ni calidad solo del dominio.,2,,08-backlink-gap/gap-integrales-page5-20260903.json,revisión humana; sin outreach
szmeishab.blogspot.com,institución,sin clasificar; requiere revisión,No se deduce la naturaleza ni calidad solo del dominio.,2,,08-backlink-gap/gap-integrales-page5-20260903.json,revisión humana; sin outreach
tmhgtlcxz.blogspot.com,institución,sin clasificar; requiere revisión,No se deduce la naturaleza ni calidad solo del dominio.,2,,08-backlink-gap/gap-integrales-page5-20260903.json,revisión humana; sin outreach
top-seo-service-high-rated.com,institución,sin clasificar; requiere revisión,No se deduce la naturaleza ni calidad solo del dominio.,2,,08-backlink-gap/gap-integrales-page5-20260903.json,revisión humana; sin outreach
topratedbacklinks.com,institución,sin clasificar; requiere revisión,No se deduce la naturaleza ni calidad solo del dominio.,2,,08-backlink-gap/gap-integrales-page5-20260903.json,revisión humana; sin outreach
tostost.blogspot.com,institución,sin clasificar; requiere revisión,No se deduce la naturaleza ni calidad solo del dominio.,2,,08-backlink-gap/gap-integrales-page5-20260903.json,revisión humana; sin outreach
traducciones.cl,institución,sin clasificar; requiere revisión,No se deduce la naturaleza ni calidad solo del dominio.,2,https://www.traducciones.cl/clientes_traduccion.html; http://traducciones.cl/clientes_traduccion.html; http://www.traducciones.cl/clientes_traduccion.html; https://traducciones.cl/clientes_traduccion.html,08-backlink-gap/gap-integrales-page5-20260903.json,revisión humana; sin outreach
trafficboosterlinkseo.com,institución,sin clasificar; requiere revisión,No se deduce la naturaleza ni calidad solo del dominio.,2,,08-backlink-gap/gap-integrales-page5-20260903.json,revisión humana; sin outreach
ultimate-backlink-solution.com,institución,sin clasificar; requiere revisión,No se deduce la naturaleza ni calidad solo del dominio.,2,,08-backlink-gap/gap-integrales-page5-20260903.json,revisión humana; sin outreach
ultimate-seo-packet.com,institución,sin clasificar; requiere revisión,No se deduce la naturaleza ni calidad solo del dominio.,2,,08-backlink-gap/gap-integrales-page5-20260903.json,revisión humana; sin outreach
urgent-seo-ranking-help.com,institución,sin clasificar; requiere revisión,No se deduce la naturaleza ni calidad solo del dominio.,2,,08-backlink-gap/gap-integrales-page5-20260903.json,revisión humana; sin outreach
uytygaas.blogspot.com,institución,sin clasificar; requiere revisión,No se deduce la naturaleza ni calidad solo del dominio.,2,,08-backlink-gap/gap-integrales-page5-20260903.json,revisión humana; sin outreach
vcdispalyed.blogspot.com,institución,sin clasificar; requiere revisión,No se deduce la naturaleza ni calidad solo del dominio.,2,,08-backlink-gap/gap-integrales-page5-20260903.json,revisión humana; sin outreach
ventajas-de.com,institución,sin clasificar; requiere revisión,No se deduce la naturaleza ni calidad solo del dominio.,2,,08-backlink-gap/gap-integrales-page6-20260903.json,revisión humana; sin outreach
viralbacklinks.com,institución,sin clasificar; requiere revisión,No se deduce la naturaleza ni calidad solo del dominio.,2,,08-backlink-gap/gap-integrales-page6-20260903.json,revisión humana; sin outreach
vitaresclism.blogspot.com,institución,sin clasificar; requiere revisión,No se deduce la naturaleza ni calidad solo del dominio.,2,,08-backlink-gap/gap-integrales-page6-20260903.json,revisión humana; sin outreach
web-ranking-boosters.com,institución,sin clasificar; requiere revisión,No se deduce la naturaleza ni calidad solo del dominio.,2,,08-backlink-gap/gap-integrales-page6-20260903.json,revisión humana; sin outreach
web-ranking-gain-fast.com,institución,sin clasificar; requiere revisión,No se deduce la naturaleza ni calidad solo del dominio.,2,,08-backlink-gap/gap-integrales-page6-20260903.json,revisión humana; sin outreach
webbacklinkskbuy.com,institución,sin clasificar; requiere revisión,No se deduce la naturaleza ni calidad solo del dominio.,2,,08-backlink-gap/gap-integrales-page6-20260903.json,revisión humana; sin outreach
webrankingsolutionbacklinks.com,institución,sin clasificar; requiere revisión,No se deduce la naturaleza ni calidad solo del dominio.,2,,08-backlink-gap/gap-integrales-page6-20260903.json,revisión humana; sin outreach
welinkbacklinks.com,institución,sin clasificar; requiere revisión,No se deduce la naturaleza ni calidad solo del dominio.,2,,08-backlink-gap/gap-integrales-page6-20260903.json,revisión humana; sin outreach
wfazjxakg.blogspot.com,institución,sin clasificar; requiere revisión,No se deduce la naturaleza ni calidad solo del dominio.,2,,08-backlink-gap/gap-integrales-page6-20260903.json,revisión humana; sin outreach
wlqxsmcxz.blogspot.com,institución,sin clasificar; requiere revisión,No se deduce la naturaleza ni calidad solo del dominio.,2,,08-backlink-gap/gap-integrales-page6-20260903.json,revisión humana; sin outreach
worldtopbacklinks.com,institución,sin clasificar; requiere revisión,No se deduce la naturaleza ni calidad solo del dominio.,2,,08-backlink-gap/gap-integrales-page6-20260903.json,revisión humana; sin outreach
wowqualitybacklinks.com,institución,sin clasificar; requiere revisión,No se deduce la naturaleza ni calidad solo del dominio.,2,,08-backlink-gap/gap-integrales-page6-20260903.json,revisión humana; sin outreach
yesvalve.blogspot.com,institución,sin clasificar; requiere revisión,No se deduce la naturaleza ni calidad solo del dominio.,2,,08-backlink-gap/gap-integrales-page6-20260903.json,revisión humana; sin outreach
yoocvcxz.blogspot.com,institución,sin clasificar; requiere revisión,No se deduce la naturaleza ni calidad solo del dominio.,2,,08-backlink-gap/gap-integrales-page6-20260903.json,revisión humana; sin outreach
yougneassd.blogspot.com,institución,sin clasificar; requiere revisión,No se deduce la naturaleza ni calidad solo del dominio.,2,,08-backlink-gap/gap-integrales-page6-20260903.json,revisión humana; sin outreach
zonaupataa.blogspot.com,institución,sin clasificar; requiere revisión,No se deduce la naturaleza ni calidad solo del dominio.,2,,08-backlink-gap/gap-integrales-page6-20260903.json,revisión humana; sin outreach
agroarrayan.wixsite.com,institución,sin clasificar; requiere revisión,No se deduce la naturaleza ni calidad solo del dominio.,0,,08-backlink-gap/gap-integrales-page6-20260903.json,revisión humana; sin outreach
almeida211.blogspot.com,institución,sin clasificar; requiere revisión,No se deduce la naturaleza ni calidad solo del dominio.,0,,08-backlink-gap/gap-integrales-page6-20260903.json,revisión humana; sin outreach
ayudaincendio.org,institución,sin clasificar; requiere revisión,No se deduce la naturaleza ni calidad solo del dominio.,0,,08-backlink-gap/gap-integrales-page6-20260903.json,revisión humana; sin outreach
blogger2etica.blogspot.com,institución,sin clasificar; requiere revisión,No se deduce la naturaleza ni calidad solo del dominio.,0,,08-backlink-gap/gap-integrales-page6-20260903.json,revisión humana; sin outreach
caprasaempresarial.blogspot.com,institución,sin clasificar; requiere revisión,No se deduce la naturaleza ni calidad solo del dominio.,0,,08-backlink-gap/gap-integrales-page6-20260903.json,revisión humana; sin outreach
comunicacioneducativaramc.blogspot.com,institución,sin clasificar; requiere revisión,No se deduce la naturaleza ni calidad solo del dominio.,0,,08-backlink-gap/gap-integrales-page6-20260903.json,revisión humana; sin outreach
cuartetoconectado.blogspot.com,institución,sin clasificar; requiere revisión,No se deduce la naturaleza ni calidad solo del dominio.,0,,08-backlink-gap/gap-integrales-page6-20260903.json,revisión humana; sin outreach
findit.co.in,institución,sin clasificar; requiere revisión,No se deduce la naturaleza ni calidad solo del dominio.,0,https://www.findit.co.in/domains/106623/2826cf5735509dabe7681f4b2a3d432b/,08-backlink-gap/gap-integrales-page6-20260903.json,revisión humana; sin outreach
legamb2018marivel.blogspot.com,institución,sin clasificar; requiere revisión,No se deduce la naturaleza ni calidad solo del dominio.,0,,08-backlink-gap/gap-integrales-page6-20260903.json,revisión humana; sin outreach
losrecursosnaturales2022.blogspot.com,institución,sin clasificar; requiere revisión,No se deduce la naturaleza ni calidad solo del dominio.,0,,08-backlink-gap/gap-integrales-page6-20260903.json,revisión humana; sin outreach
manejoambientalarticulacion.blogspot.com,institución,sin clasificar; requiere revisión,No se deduce la naturaleza ni calidad solo del dominio.,0,,08-backlink-gap/gap-integrales-page6-20260903.json,revisión humana; sin outreach
plazop.com,institución,sin clasificar; requiere revisión,No se deduce la naturaleza ni calidad solo del dominio.,0,,08-backlink-gap/gap-integrales-page6-20260903.json,revisión humana; sin outreach
sajeck.blogspot.com,institución,sin clasificar; requiere revisión,No se deduce la naturaleza ni calidad solo del dominio.,0,,08-backlink-gap/gap-integrales-page6-20260903.json,revisión humana; sin outreach
serviciosustentabl.wixsite.com,institución,sin clasificar; requiere revisión,No se deduce la naturaleza ni calidad solo del dominio.,0,,08-backlink-gap/gap-integrales-page6-20260903.json,revisión humana; sin outreach
tuespacioambientalmiespacioambiental.blogspot.com,institución,sin clasificar; requiere revisión,No se deduce la naturaleza ni calidad solo del dominio.,0,,08-backlink-gap/gap-integrales-page6-20260903.json,revisión humana; sin outreach
valentinaelustondosanjose.blogspot.com,institución,sin clasificar; requiere revisión,No se deduce la naturaleza ni calidad solo del dominio.,0,,08-backlink-gap/gap-integrales-page6-20260903.json,revisión humana; sin outreach
